caseid,untrustworthy_flag,untrustworthy_n,republican,democrat,political_interest,ideology_bin,college,female,non_white,birthyr,weight,age,age_18_29,age_30_44,age_45_64,age_65_plus
304925514,0,0,1,0,4,NA,0,0,0,1955,0.74131818980059,61,0,0,1,0
304925518,1,14,0,1,3,7,1,0,0,1980,1.35069677386199,36,0,1,0,0
304925521,0,0,0,1,4,6,0,0,0,1990,0.635699927206072,26,1,0,0,0
305032943,0,0,0,1,4,5,0,1,0,1955,0.579183441386554,61,0,0,1,0
305032944,0,0,0,1,4,1,1,1,0,1957,0.148281224208277,59,0,0,1,0
305032945,1,5,0,1,4,1,1,1,0,1954,0.222005567744852,62,0,0,1,0
305032950,1,1,0,1,4,1,1,1,0,1950,0.300849418889898,66,0,0,0,1
305032952,1,40,0,0,4,3,1,0,0,1944,3.07660011574962,72,0,0,0,1
305032953,0,0,0,1,4,4,0,1,1,1948,0.424345071798106,68,0,0,0,1
305032954,0,0,1,0,4,5,1,0,0,1953,0.273419596713742,63,0,0,1,0
305032955,0,0,0,1,4,3,0,0,0,1960,0.220441846779659,56,0,0,1,0
305032956,1,9,0,1,4,1,1,1,0,1959,0.480673776461849,57,0,0,1,0
305032957,1,22,1,0,4,9,0,0,0,1963,2.27955653285726,53,0,0,1,0
305032959,0,0,0,1,4,2,1,0,1,1943,0.179870024895098,73,0,0,0,1
305032960,0,0,1,0,4,8,0,0,0,1937,0.324430376075113,79,0,0,0,1
305032962,1,183,1,0,4,10,1,1,0,1957,0.148281224208277,59,0,0,1,0
305032963,1,58,0,1,4,2,1,1,0,1936,0.200178428274,80,0,0,0,1
305032966,1,180,1,0,4,9,0,0,0,1941,0.324430376075113,75,0,0,0,1
305032967,0,0,0,1,4,1,1,1,0,1960,0.142097841176297,56,0,0,1,0
305032968,0,0,0,1,4,NA,1,0,0,1950,0.172313764706301,66,0,0,0,1
305032971,0,0,0,1,4,1,1,0,0,1949,0.190925235649378,67,0,0,0,1
305032972,1,4,0,1,4,1,1,1,1,1945,0.242560613389434,71,0,0,0,1
305032974,1,15,1,0,3,8,0,1,0,1958,0.220662274048938,58,0,0,1,0
305032977,0,0,0,1,4,2,1,0,0,1925,0.190925235649378,91,0,0,0,1
305032978,1,82,0,0,4,5,1,1,0,1942,0.180664952286497,74,0,0,0,1
305032979,1,6,0,1,4,3,0,1,0,1937,0.183871667690523,79,0,0,0,1
305032980,1,4,0,1,4,3,1,1,1,1970,0.37668356987644,46,0,0,1,0
305032981,0,0,0,1,3,7,0,1,0,1951,0.685123391157029,65,0,0,0,1
305032982,1,5,1,0,4,10,0,0,0,1952,0.238359871579992,64,0,0,1,0
305032983,1,2,0,1,4,2,1,0,0,1951,0.188664577315981,65,0,0,0,1
305032985,1,2,0,1,4,4,1,1,0,1939,0.180664952286497,77,0,0,0,1
305032986,1,8,0,1,4,3,1,0,0,1946,0.190925235649378,70,0,0,0,1
305032987,1,108,1,0,4,10,0,0,0,1941,0.300042246118665,75,0,0,0,1
305032988,1,236,1,0,4,8,0,0,0,1965,1.90268940913689,51,0,0,1,0
305032990,0,0,1,0,4,6,1,1,0,1951,0.541625465435685,65,0,0,0,1
305032991,0,0,0,1,3,NA,0,1,0,1941,0.551239055128892,75,0,0,0,1
305032992,1,5,0,0,3,8,1,1,0,1966,1.74198200569415,50,0,0,1,0
305032995,0,0,1,0,4,4,0,0,0,1951,0.71442395172324,65,0,0,0,1
305032996,0,0,0,0,4,NA,1,0,0,1947,0.157473652425045,69,0,0,0,1
305032998,1,33,0,0,2,9,1,0,1,1955,0.261919402058379,61,0,0,1,0
305032999,0,0,0,0,4,1,1,0,1,1957,0.261919402058379,59,0,0,1,0
305033002,0,0,0,1,4,3,1,1,0,1948,0.376123376592491,68,0,0,0,1
305033003,1,49,0,1,4,3,1,0,0,1981,0.466376782449595,35,0,1,0,0
305033006,0,0,0,1,4,8,1,0,0,1977,0.453194918554168,39,0,1,0,0
305033007,1,63,1,0,4,10,0,1,0,1965,0.184181337807281,51,0,0,1,0
305033008,1,1,1,0,4,7,1,1,0,1952,0.649508394848436,64,0,0,1,0
305033009,0,0,0,1,4,1,1,0,0,1938,0.157473652425045,78,0,0,0,1
305033011,1,13,0,1,4,1,1,0,0,1941,0.165128215662243,75,0,0,0,1
305033012,1,61,1,0,4,5,1,0,0,1953,0.274007660956059,63,0,0,1,0
305033013,1,26,0,1,4,3,0,1,0,1932,1.36966281578858,84,0,0,0,1
305033015,0,0,0,1,4,6,0,0,0,1955,1.17233565661746,61,0,0,1,0
305033016,1,2,0,0,4,8,1,0,0,1956,0.262017896303204,60,0,0,1,0
305033019,1,7,1,0,4,9,0,1,0,1947,0.183871667690523,69,0,0,0,1
305033020,1,21,0,1,4,2,1,0,0,1949,0.157473652425045,67,0,0,0,1
305033021,0,0,0,1,4,1,1,0,0,1937,0.174482254792965,79,0,0,0,1
305033023,1,566,0,1,4,1,1,0,0,1953,0.262017896303204,63,0,0,1,0
305033024,0,0,0,1,4,5,0,0,1,1948,0.544570168997418,68,0,0,0,1
305033025,1,4,1,0,4,6,1,0,0,1941,0.206444081809265,75,0,0,0,1
305033026,1,9,0,1,3,4,0,0,0,1954,0.888151641760821,62,0,0,1,0
305033027,1,1,1,0,4,8,0,1,0,1957,0.498341922626598,59,0,0,1,0
305033029,1,4,1,0,4,3,0,0,0,1969,1.82334654242936,47,0,0,1,0
305033032,0,0,1,0,4,10,1,1,0,1953,0.600683450239364,63,0,0,1,0
305033035,1,23,0,0,4,5,1,0,0,1937,0.190925235649378,79,0,0,0,1
305033036,0,0,1,0,4,8,0,0,0,1947,0.811828340374167,69,0,0,0,1
305033037,1,14,1,0,4,6,1,1,0,1971,0.444540493663773,45,0,0,1,0
305033038,1,258,0,1,4,3,0,1,0,1929,0.220291267339017,87,0,0,0,1
305033039,0,0,1,0,4,5,1,0,0,1947,0.150906941665891,69,0,0,0,1
305033040,0,0,0,1,3,4,0,0,0,1953,0.710404941406628,63,0,0,1,0
305033042,1,10,0,1,4,2,1,0,0,1964,0.285931095593509,52,0,0,1,0
305033045,1,50,0,1,3,1,0,1,0,1963,0.498341922626598,53,0,0,1,0
305033046,1,1,1,0,4,6,1,1,0,1953,0.164296959808158,63,0,0,1,0
305033047,1,2,1,0,4,8,1,0,0,1947,0.206444081809265,69,0,0,0,1
305033049,1,129,1,0,4,9,1,0,0,1966,0.34256568296288,50,0,0,1,0
305033050,1,4,1,0,4,8,0,1,1,1949,2.75077066969716,67,0,0,0,1
305033052,0,0,1,0,3,1,0,0,0,1971,1.87030717918355,45,0,0,1,0
305033053,0,0,1,0,4,6,1,0,0,1945,0.206444081809265,71,0,0,0,1
305033054,0,0,1,0,4,9,0,0,0,1945,0.324430376075113,71,0,0,0,1
305033055,1,37,1,0,4,10,0,0,0,1953,1.46565962232458,63,0,0,1,0
305033056,1,21,1,0,3,10,0,0,0,1954,0.821387370417496,62,0,0,1,0
305033057,1,30,0,1,4,2,0,0,0,1943,1.44037595426176,73,0,0,0,1
305033058,0,0,0,1,4,1,0,1,0,1955,0.204074615762758,61,0,0,1,0
305033059,0,0,0,1,4,7,1,1,0,1955,0.401206502467145,61,0,0,1,0
305033060,1,16,1,0,4,6,1,0,0,1956,0.262017896303204,60,0,0,1,0
305033063,0,0,0,1,4,4,1,0,0,1944,0.190925235649378,72,0,0,0,1
305033064,0,0,1,0,4,NA,1,0,0,1956,0.262017896303204,60,0,0,1,0
305033066,1,44,1,0,3,10,1,0,0,1945,0.174482254792965,71,0,0,0,1
305033067,0,0,1,0,4,8,1,0,0,1950,0.157473652425045,66,0,0,0,1
305033068,1,55,0,1,4,3,1,0,0,1942,0.188664577315981,74,0,0,0,1
305033069,0,0,0,1,4,3,1,0,0,1953,0.262017896303204,63,0,0,1,0
305033070,1,120,0,0,4,5,1,1,0,1966,0.148281224208277,50,0,0,1,0
305033071,0,0,0,1,4,7,1,1,0,1955,0.649508394848436,61,0,0,1,0
305033073,1,146,1,0,4,1,1,0,0,1952,0.262017896303204,64,0,0,1,0
305033076,1,171,1,0,4,10,0,1,1,1952,3.2975634614825,64,0,0,1,0
305033077,1,1,1,0,4,9,0,0,0,1960,0.220441846779659,56,0,0,1,0
305033078,0,0,0,1,4,1,1,0,0,1950,0.157473652425045,66,0,0,0,1
305033079,1,178,1,0,4,9,1,0,0,1949,0.157473652425045,67,0,0,0,1
305033080,1,1367,1,0,4,10,1,0,0,1966,0.273419596713742,50,0,0,1,0
305033081,0,0,0,0,4,9,1,0,0,1946,0.206444081809265,70,0,0,0,1
305033082,1,1,1,0,4,10,1,0,0,1948,0.188664577315981,68,0,0,0,1
305033083,1,6,1,0,4,10,1,0,0,1950,0.172313764706301,66,0,0,0,1
305033084,1,11,1,0,4,10,1,0,1,1946,1.18590070536566,70,0,0,0,1
305033085,1,3,1,0,4,8,1,0,0,1942,0.165128215662243,74,0,0,0,1
305033086,0,0,0,1,4,3,1,1,0,1953,0.240050695413558,63,0,0,1,0
305033087,1,66,1,0,4,10,1,0,0,1940,0.206444081809265,76,0,0,0,1
305033089,1,10,0,1,4,3,1,0,0,1962,0.327576022080632,54,0,0,1,0
305033090,0,0,0,1,4,4,1,1,0,1951,1.01768207825723,65,0,0,0,1
305033092,1,157,1,0,4,10,0,0,0,1940,0.300042246118665,76,0,0,0,1
305033093,1,252,1,0,4,10,1,1,0,1954,0.177651397921737,62,0,0,1,0
305033094,0,0,1,0,4,2,0,0,0,1951,0.811828340374167,65,0,0,0,1
305033095,1,5,1,0,4,7,0,0,1,1969,1.20721803248969,47,0,0,1,0
305033099,0,0,0,1,3,2,1,1,0,1957,0.177651397921737,59,0,0,1,0
305033103,0,0,0,1,4,NA,1,0,0,1946,0.165128215662243,70,0,0,0,1
305033104,0,0,0,1,4,4,0,0,0,1941,0.300042246118665,75,0,0,0,1
305033106,0,0,0,1,4,5,1,0,0,1955,0.262017896303204,61,0,0,1,0
305033107,0,0,0,1,4,3,0,0,0,1954,0.238359871579992,62,0,0,1,0
305033114,1,4,1,0,4,1,1,0,0,1939,0.172313764706301,77,0,0,0,1
305033115,0,0,0,1,4,2,1,0,0,1967,0.327576022080632,49,0,0,1,0
305033116,0,0,0,1,4,4,1,0,0,1953,0.327576022080632,63,0,0,1,0
305033117,1,8,1,0,4,10,1,0,0,1937,0.190925235649378,79,0,0,0,1
305033119,1,5,0,1,4,1,1,1,0,1945,0.216449395400719,71,0,0,0,1
305033121,1,3,0,0,3,5,1,0,0,1977,2.28637565019771,39,0,1,0,0
305033122,1,28,1,0,4,10,1,0,0,1955,0.273419596713742,61,0,0,1,0
305033124,1,2,0,1,4,4,0,1,0,1961,0.552167432321024,55,0,0,1,0
305033125,0,0,1,0,4,6,1,0,0,1951,0.188664577315981,65,0,0,0,1
305033127,1,7,0,0,4,4,0,0,0,1947,0.877815631575629,69,0,0,0,1
305033130,0,0,0,1,4,1,0,1,0,1941,0.912980973193812,75,0,0,0,1
305033132,1,3,0,1,2,6,1,1,0,1983,0.99803242206504,33,0,1,0,0
305033134,1,11,0,1,4,2,0,0,0,1956,0.238359871579992,60,0,0,1,0
305033136,0,0,0,1,4,1,1,0,0,1954,0.316814282937428,62,0,0,1,0
305033137,1,22,0,1,4,1,0,1,1,1953,0.492357726064212,63,0,0,1,0
305033138,0,0,0,1,4,1,1,1,0,1951,0.313940871768742,65,0,0,0,1
305033139,0,0,0,1,4,3,1,1,0,1957,0.480673776461849,59,0,0,1,0
305033140,1,19,0,1,4,3,1,0,1,1954,0.522288470301969,62,0,0,1,0
305033141,1,12,1,0,4,10,1,1,0,1955,0.600683450239364,61,0,0,1,0
305033142,0,0,1,0,2,3,0,1,0,1951,0.220291267339017,65,0,0,0,1
305033144,1,922,0,1,4,1,0,1,0,1958,0.184181337807281,58,0,0,1,0
305033145,0,0,0,1,4,1,1,0,0,1946,0.165128215662243,70,0,0,0,1
305033148,0,0,1,0,4,NA,1,1,0,1974,1.04146177111691,42,0,1,0,0
305033149,0,0,0,1,4,4,1,0,0,1943,0.206444081809265,73,0,0,0,1
305033150,0,0,0,0,3,8,0,0,0,1958,0.888151641760821,58,0,0,1,0
305033152,0,0,0,1,3,3,1,0,0,1961,0.741386213179421,55,0,0,1,0
305033153,0,0,0,1,4,2,1,0,0,1955,0.327576022080632,61,0,0,1,0
305033154,0,0,1,0,4,NA,0,0,0,1956,0.220441846779659,60,0,0,1,0
305033155,1,6,0,0,3,5,1,1,0,1959,0.746576786624216,57,0,0,1,0
305033156,1,1,1,0,4,10,1,0,0,1947,0.150906941665891,69,0,0,0,1
305033158,0,0,0,1,4,5,0,1,0,1957,0.498341922626598,59,0,0,1,0
305033159,0,0,0,1,3,3,1,0,0,1954,0.327576022080632,62,0,0,1,0
305033160,0,0,1,0,1,6,1,1,0,1978,0.279504852940136,38,0,1,0,0
305033162,1,8,0,1,4,6,1,0,0,1945,0.206444081809265,71,0,0,0,1
305033163,0,0,0,1,3,7,1,0,0,1958,0.739795079850535,58,0,0,1,0
305033164,1,28,0,0,3,4,0,1,0,1962,0.552167432321024,54,0,0,1,0
305033165,0,0,0,1,3,5,1,1,0,1976,0.267849395047513,40,0,1,0,0
305033166,1,12,0,1,4,3,0,1,0,1944,0.497504044027158,72,0,0,0,1
305033167,1,67,0,0,4,4,1,0,1,1977,0.392675111845184,39,0,1,0,0
305033168,0,0,0,1,4,2,1,1,0,1928,0.173131155567415,88,0,0,0,1
305033169,0,0,0,1,4,NA,1,1,0,1956,0.240050695413558,60,0,0,1,0
305033171,0,0,0,1,4,2,1,1,0,1953,0.164296959808158,63,0,0,1,0
305033172,0,0,0,0,4,3,1,1,0,1943,0.300849418889898,73,0,0,0,1
305033173,1,88,1,0,4,9,0,0,0,1964,0.190656665643001,52,0,0,1,0
305033176,1,9,0,1,4,1,1,0,0,1941,0.206444081809265,75,0,0,0,1
305033177,1,2,1,0,4,8,1,0,0,1970,0.92688457531047,46,0,0,1,0
305033178,1,48,0,1,4,2,1,1,0,1952,0.192009103165981,64,0,0,1,0
305033179,1,41,0,1,4,1,1,1,0,1938,0.347849372478055,78,0,0,0,1
305033180,1,32,1,0,4,10,0,0,0,1940,0.300042246118665,76,0,0,0,1
305033183,0,0,0,0,4,9,1,0,0,1958,0.773647610627608,58,0,0,1,0
305033185,0,0,1,0,4,7,1,0,0,1952,0.773647610627608,64,0,0,1,0
305033186,0,0,0,1,4,3,1,0,0,1954,0.739795079850535,62,0,0,1,0
305033190,1,13,1,0,4,7,0,0,0,1939,0.300042246118665,77,0,0,0,1
305033192,1,4,0,1,4,3,0,0,0,1959,0.515862304233703,57,0,0,1,0
305033196,1,2,0,1,4,3,1,0,0,1962,0.92688457531047,54,0,0,1,0
305033198,1,1,1,0,4,10,0,0,0,1933,1.20224615351572,83,0,0,0,1
305033199,1,2,0,1,4,2,1,1,0,1946,0.376123376592491,70,0,0,0,1
305033200,0,0,1,0,4,7,0,0,0,1949,2.0718294599974,67,0,0,0,1
305033201,0,0,0,1,4,2,1,0,1,1954,0.261919402058379,62,0,0,1,0
305033202,1,6,1,0,4,6,1,1,0,1964,0.542128579050687,52,0,0,1,0
305033203,1,13,1,0,4,9,0,1,1,1950,3.46997205089511,66,0,0,0,1
305033204,1,13,0,1,4,1,1,0,0,1953,0.302951427140516,63,0,0,1,0
305033205,0,0,0,1,4,8,0,0,0,1958,1.22334980536811,58,0,0,1,0
305033209,0,0,0,1,4,6,1,1,0,1953,0.148281224208277,63,0,0,1,0
305033210,0,0,0,1,4,8,0,0,0,1967,0.644933510063292,49,0,0,1,0
305033211,1,1,0,1,4,2,1,1,0,1964,0.240050695413558,52,0,0,1,0
305033212,1,88,1,0,3,10,1,1,0,1957,0.20036437317342,59,0,0,1,0
305033213,0,0,0,1,4,8,1,0,1,1958,0.261919402058379,58,0,0,1,0
305033214,1,9,1,0,3,5,1,1,0,1958,6.28057165310442,58,0,0,1,0
305033215,0,0,0,1,4,5,1,0,0,1953,0.739795079850535,63,0,0,1,0
305033216,0,0,0,1,4,9,0,0,0,1956,0.515862304233703,60,0,0,1,0
305033217,1,8,0,1,4,4,0,1,0,1953,0.604386590387462,63,0,0,1,0
305033219,1,1,0,1,4,6,1,1,0,1968,0.384476039841675,48,0,0,1,0
305033220,1,7,1,0,4,9,0,0,0,1943,0.270794003861219,73,0,0,0,1
305033222,1,1,1,0,4,9,0,1,0,1944,0.497504044027158,72,0,0,0,1
305033223,1,1,0,1,4,1,1,0,0,1957,0.34256568296288,59,0,0,1,0
305033225,1,1,1,0,4,10,1,0,1,1973,0.918910320208654,43,0,1,0,0
305033226,0,0,0,1,4,3,0,1,0,1955,0.220662274048938,61,0,0,1,0
305033227,1,1,1,0,4,10,0,1,0,1944,0.734569532305845,72,0,0,0,1
305033228,0,0,0,0,4,4,0,1,0,1946,0.596045044576912,70,0,0,0,1
305033229,0,0,0,1,4,6,0,0,0,1956,1.17233565661746,60,0,0,1,0
305033230,1,5,1,0,4,8,0,1,0,1962,0.760401504791784,54,0,0,1,0
305033232,1,40,0,1,4,3,1,1,0,1974,0.334866589589114,42,0,1,0,0
305033233,1,50,0,1,4,1,0,1,0,1952,0.220662274048938,64,0,0,1,0
305033234,0,0,1,0,4,5,0,0,0,1956,1.35548283255044,60,0,0,1,0
305033235,1,1,0,1,4,6,0,0,0,1956,0.238359871579992,60,0,0,1,0
305033237,0,0,1,0,4,2,0,0,0,1949,0.887942456134541,67,0,0,0,1
305033238,1,18,0,1,4,3,1,1,0,1957,0.20036437317342,59,0,0,1,0
305033239,0,0,0,1,4,1,1,0,0,1940,0.174482254792965,76,0,0,0,1
305033240,1,1,0,1,4,9,1,1,0,1958,0.401206502467145,58,0,0,1,0
305033242,1,4,0,1,4,2,1,0,0,1963,0.274007660956059,53,0,0,1,0
305033243,1,11,0,1,4,1,0,1,0,1942,0.183871667690523,74,0,0,0,1
305033244,0,0,0,0,4,10,1,0,1,1971,3.76995286511421,45,0,0,1,0
305033245,1,1,1,0,4,1,1,0,0,1979,1.90838115757845,37,0,1,0,0
305033247,0,0,1,0,4,7,0,0,0,1946,1.79189252129098,70,0,0,0,1
305033249,0,0,0,1,4,2,0,1,0,1950,0.596045044576912,66,0,0,0,1
305033250,1,18,0,1,4,6,1,0,0,1946,0.206444081809265,70,0,0,0,1
305033251,0,0,0,1,4,1,1,0,0,1960,0.262017896303204,56,0,0,1,0
305033252,1,30,0,1,4,2,1,0,0,1950,0.172313764706301,66,0,0,0,1
305033255,0,0,0,1,4,4,1,1,0,1950,0.173131155567415,66,0,0,0,1
305033259,0,0,1,0,3,7,1,1,0,1954,0.746576786624216,62,0,0,1,0
305033260,0,0,1,0,3,2,1,0,0,1969,1.37940626123428,47,0,0,1,0
305033261,1,1,0,1,4,4,1,0,0,1946,0.206444081809265,70,0,0,0,1
305033262,0,0,1,0,3,8,0,1,0,1955,1.350137626719,61,0,0,1,0
305033263,1,1,0,1,3,7,1,1,1,1976,1.08655663811163,40,0,1,0,0
305033264,1,10,1,0,2,7,1,0,0,1975,0.769469780117344,41,0,1,0,0
305033265,0,0,1,0,4,7,0,1,0,1945,0.497504044027158,71,0,0,0,1
305033266,0,0,0,1,4,4,1,0,1,1954,0.737972644047181,62,0,0,1,0
305033267,1,3,0,1,4,6,0,0,0,1955,0.198953084374713,61,0,0,1,0
305033269,1,16,0,1,3,1,1,1,1,1971,2.66557132723827,45,0,0,1,0
305033270,1,330,1,0,4,10,1,0,0,1953,0.34256568296288,63,0,0,1,0
305033271,0,0,0,1,4,7,0,0,0,1944,0.259501791663904,72,0,0,0,1
305033272,0,0,0,0,4,NA,1,0,1,1958,0.236387390408596,58,0,0,1,0
305033273,1,46,1,0,4,10,1,0,0,1961,0.34256568296288,55,0,0,1,0
305033274,0,0,0,1,4,NA,1,0,0,1957,0.302951427140516,59,0,0,1,0
305033276,1,37,0,0,4,8,1,1,0,1985,0.30969394699081,31,0,1,0,0
305033280,1,5,0,0,3,6,0,1,1,1984,1.53017645094763,32,0,1,0,0
305033281,1,3,0,1,3,5,1,1,0,1976,0.243591463745344,40,0,1,0,0
305033289,1,8,0,1,3,1,1,0,0,1964,0.34256568296288,52,0,0,1,0
305033291,0,0,0,1,3,10,1,1,1,1961,0.65925897715778,55,0,0,1,0
305033292,1,116,1,0,4,10,0,1,0,1958,0.223374204970815,58,0,0,1,0
305033293,1,2,1,0,4,4,1,0,1,1939,0.114367161330941,77,0,0,0,1
305033294,0,0,0,0,4,NA,1,0,0,1948,0.165128215662243,68,0,0,0,1
305033295,0,0,0,1,4,3,1,0,0,1942,0.165128215662243,74,0,0,0,1
305033296,1,42,0,0,3,7,0,0,0,1974,6.95290916424328,42,0,1,0,0
305033297,1,1,0,1,4,7,0,0,1,1970,0.513606378594383,46,0,0,1,0
305033298,1,4,0,1,4,1,0,0,0,1949,0.270794003861219,67,0,0,0,1
305033301,0,0,0,1,4,1,1,0,0,1953,0.34256568296288,63,0,0,1,0
305033302,1,8,0,1,4,4,1,0,0,1945,0.174482254792965,71,0,0,0,1
305033303,1,5,0,1,4,1,1,1,0,1958,0.148281224208277,58,0,0,1,0
305033304,1,8,1,0,4,9,1,0,0,1957,0.327576022080632,59,0,0,1,0
305033307,1,45,0,1,4,1,1,0,0,1946,0.206444081809265,70,0,0,0,1
305033308,0,0,0,1,4,NA,1,0,0,1931,0.174482254792965,85,0,0,0,1
305033312,0,0,0,1,4,3,1,0,0,1941,0.157473652425045,75,0,0,0,1
305033313,0,0,0,1,4,1,1,0,1,1944,0.126719866314092,72,0,0,0,1
305033314,1,3,0,1,4,5,1,0,1,1946,0.104523359621562,70,0,0,0,1
305033316,0,0,0,1,3,5,1,0,0,1943,0.206444081809265,73,0,0,0,1
305033318,1,5,0,1,4,2,1,0,0,1931,0.172313764706301,85,0,0,0,1
305033319,1,4,1,0,4,6,1,0,0,1947,0.174482254792965,69,0,0,0,1
305033321,0,0,0,1,4,1,1,0,0,1938,0.190925235649378,78,0,0,0,1
305033322,0,0,0,1,4,2,1,1,0,1948,0.216449395400719,68,0,0,0,1
305033323,1,42,0,1,4,1,0,1,0,1944,0.2037314984261,72,0,0,0,1
305033324,1,1,0,1,4,1,1,0,0,1960,0.316814282937428,56,0,0,1,0
305033326,1,33,0,1,4,1,1,0,0,1939,0.172313764706301,77,0,0,0,1
305033327,0,0,0,1,4,2,1,0,1,1966,0.737972644047181,50,0,0,1,0
305033330,0,0,0,1,4,3,0,1,0,1972,1.00384878945565,44,0,1,0,0
305033332,1,17,0,1,4,4,0,1,0,1970,0.184181337807281,46,0,0,1,0
305033333,0,0,0,1,4,1,1,0,0,1936,0.188664577315981,80,0,0,0,1
305033335,1,5,0,1,4,1,0,1,0,1960,0.220662274048938,56,0,0,1,0
305033337,1,23,0,0,4,10,1,0,0,1941,0.165128215662243,75,0,0,0,1
305033339,0,0,0,1,4,4,0,0,0,1942,0.324430376075113,74,0,0,0,1
305033340,0,0,0,0,4,2,0,0,1,1957,0.237174444156795,59,0,0,1,0
305033341,1,92,0,1,4,1,0,0,1,1957,0.239289233973419,59,0,0,1,0
305033343,0,0,0,1,4,1,1,0,0,1963,0.316814282937428,53,0,0,1,0
305033344,0,0,0,1,4,3,1,0,0,1953,0.34256568296288,63,0,0,1,0
305033345,0,0,1,0,4,10,0,0,0,1962,0.888151641760821,54,0,0,1,0
305033346,1,96,1,0,4,10,1,0,0,1958,0.741386213179421,58,0,0,1,0
305033348,1,1,1,0,4,8,0,0,0,1947,0.324430376075113,69,0,0,0,1
305033350,0,0,0,1,4,5,0,1,0,1948,1.36966281578858,68,0,0,0,1
305033351,1,1,0,1,4,1,1,0,0,1963,0.273419596713742,53,0,0,1,0
305033353,1,617,1,0,4,10,1,0,0,1955,0.273419596713742,61,0,0,1,0
305033355,1,10,1,0,4,9,1,0,0,1935,0.206444081809265,81,0,0,0,1
305033360,1,2,1,0,4,3,1,1,0,1966,0.148281224208277,50,0,0,1,0
305033361,1,8,0,1,4,3,1,0,0,1953,0.285931095593509,63,0,0,1,0
305033362,1,43,0,1,4,2,1,0,0,1944,0.174482254792965,72,0,0,0,1
305033365,0,0,0,1,4,9,1,1,0,1964,0.649508394848436,52,0,0,1,0
305033366,1,2,0,1,4,5,1,1,0,1939,0.347849372478055,77,0,0,0,1
305033368,0,0,0,1,4,NA,1,0,0,1947,0.188664577315981,69,0,0,0,1
305033369,1,4,1,0,4,9,1,0,0,1948,0.172313764706301,68,0,0,0,1
305033370,0,0,0,1,4,1,0,1,1,1969,6.2642748741761904,47,0,0,1,0
305033373,0,0,1,0,4,6,0,0,0,1933,0.324430376075113,83,0,0,0,1
305033374,1,10,0,0,4,7,1,1,0,1966,0.222005567744852,50,0,0,1,0
305033375,0,0,0,1,4,1,0,1,0,1973,0.580206665445287,43,0,1,0,0
305033376,1,53,0,1,3,2,0,1,0,1948,0.220291267339017,68,0,0,0,1
305033380,0,0,0,1,4,3,1,0,0,1980,0.466376782449595,36,0,1,0,0
305033382,1,24,0,1,4,1,0,0,0,1966,0.242486800171755,50,0,0,1,0
305033383,0,0,0,1,4,1,1,1,0,1947,0.180664952286497,69,0,0,0,1
305033384,0,0,1,0,4,4,1,0,1,1961,0.226529946982221,55,0,0,1,0
305033386,1,2,0,1,4,4,1,1,0,1941,0.180664952286497,75,0,0,0,1
305033387,0,0,0,1,4,1,1,1,0,1946,0.347849372478055,70,0,0,0,1
305033388,1,5,0,1,4,1,0,0,0,1958,0.190656665643001,58,0,0,1,0
305033389,1,129,1,0,4,9,1,0,0,1945,0.188664577315981,71,0,0,0,1
305033390,0,0,0,0,4,3,1,1,1,1984,0.736880305012358,32,0,1,0,0
305033391,1,26,1,0,4,10,0,0,0,1945,0.324430376075113,71,0,0,0,1
305033394,0,0,0,1,4,1,1,1,0,1953,0.20036437317342,63,0,0,1,0
305033396,1,31,0,1,4,2,1,0,0,1951,0.172313764706301,65,0,0,0,1
305033397,1,11,1,0,4,9,1,0,0,1946,0.190925235649378,70,0,0,0,1
305033398,1,35,0,1,4,1,0,1,0,1945,0.220291267339017,71,0,0,0,1
305033399,1,132,0,1,4,1,0,0,0,1963,0.220441846779659,53,0,0,1,0
305033401,0,0,0,1,4,8,1,0,0,1948,0.174482254792965,68,0,0,0,1
305033403,1,48,0,0,4,4,0,0,0,1955,0.190656665643001,61,0,0,1,0
305033404,0,0,0,1,4,1,1,1,0,1938,0.173131155567415,78,0,0,0,1
305033407,1,81,1,0,4,10,0,0,0,1967,0.220441846779659,49,0,0,1,0
305033408,1,3,0,0,4,9,1,0,0,1936,0.157473652425045,80,0,0,0,1
305033409,1,11,1,0,4,9,0,0,0,1956,0.888151641760821,60,0,0,1,0
305033410,1,19,1,0,4,10,1,0,0,1947,0.206444081809265,69,0,0,0,1
305033412,1,15,1,0,4,10,1,0,0,1947,0.157473652425045,69,0,0,0,1
305033414,1,6,0,1,4,7,0,1,0,1942,0.2037314984261,74,0,0,0,1
305033415,1,113,0,1,4,3,0,1,0,1944,0.551239055128892,72,0,0,0,1
305033416,1,393,1,0,4,10,1,0,0,1956,0.327576022080632,60,0,0,1,0
305033419,1,49,0,1,4,9,0,1,0,1958,0.184181337807281,58,0,0,1,0
305033421,1,1,0,1,4,1,1,0,0,1953,0.273419596713742,63,0,0,1,0
305033423,1,1,1,0,4,8,0,0,0,1954,0.644933510063292,62,0,0,1,0
305033424,1,26,0,1,4,2,1,0,0,1953,0.316814282937428,63,0,0,1,0
305033426,0,0,0,1,4,6,1,0,1,1948,0.872883459783031,68,0,0,0,1
305033428,1,15,1,0,4,7,1,1,0,1939,0.347849372478055,77,0,0,0,1
305033429,1,16,0,1,4,1,0,0,0,1941,0.300042246118665,75,0,0,0,1
305033430,1,11,1,0,3,5,0,1,0,1970,0.890449910848929,46,0,0,1,0
305033431,1,113,1,0,3,10,1,0,0,1934,0.174482254792965,82,0,0,0,1
305033432,1,54,1,0,4,9,1,0,0,1956,0.302951427140516,60,0,0,1,0
305033433,1,28,1,0,4,10,0,0,0,1945,0.324430376075113,71,0,0,0,1
305033435,1,8,1,0,4,10,1,1,0,1945,0.216449395400719,71,0,0,0,1
305033436,0,0,0,1,4,2,1,0,0,1933,0.174482254792965,83,0,0,0,1
305033437,1,2,0,1,4,1,1,0,0,1941,0.190925235649378,75,0,0,0,1
305033438,1,19,1,0,4,9,1,0,0,1956,0.285931095593509,60,0,0,1,0
305033439,1,1,0,0,3,3,0,1,0,1961,0.822208703470755,55,0,0,1,0
305033441,1,35,0,1,4,1,1,1,0,1963,0.148281224208277,53,0,0,1,0
305033444,1,164,1,0,4,5,1,0,0,1961,0.34256568296288,55,0,0,1,0
305033445,0,0,1,0,4,1,1,1,1,1930,1.50423288406303,86,0,0,0,1
305033447,0,0,0,1,4,1,1,0,0,1963,0.327576022080632,53,0,0,1,0
305033448,0,0,0,1,4,1,1,1,0,1949,0.200178428274,67,0,0,0,1
305033449,1,47,0,1,4,1,1,1,0,1952,0.240050695413558,64,0,0,1,0
305033451,0,0,0,1,4,1,1,0,0,1956,0.273419596713742,60,0,0,1,0
305033453,1,42,0,1,4,1,1,1,0,1970,0.148281224208277,46,0,0,1,0
305033454,0,0,0,1,4,1,0,1,1,1928,1.00840465700686,88,0,0,0,1
305033455,0,0,0,1,4,8,1,1,0,1980,0.267849395047513,36,0,1,0,0
305033459,0,0,0,1,3,7,1,1,1,1991,1.15715993149934,25,1,0,0,0
305033460,1,3,0,1,4,2,1,0,1,1956,0.564741289040839,60,0,0,1,0
305033461,1,8,0,1,4,1,0,0,0,1955,0.644933510063292,61,0,0,1,0
305033462,0,0,0,1,4,1,1,0,0,1948,0.165128215662243,68,0,0,0,1
305033463,1,6,0,1,4,1,1,1,0,1976,0.279504852940136,40,0,1,0,0
305033466,1,57,1,0,4,9,1,0,0,1957,0.92688457531047,59,0,0,1,0
305033467,1,1,0,1,4,3,0,0,0,1933,0.644781609403688,83,0,0,0,1
305033469,1,5,0,1,4,1,1,0,0,1946,0.157473652425045,70,0,0,0,1
305033473,0,0,1,0,4,10,1,0,0,1942,0.206444081809265,74,0,0,0,1
305033474,0,0,0,1,4,1,0,0,0,1957,0.190656665643001,59,0,0,1,0
305033477,1,1,0,1,1,6,0,1,0,1957,0.498341922626598,59,0,0,1,0
305033479,0,0,1,0,4,4,0,1,0,1947,0.2037314984261,69,0,0,0,1
305033482,1,131,1,0,4,10,0,0,0,1945,0.732690977959765,71,0,0,0,1
305033484,1,12,0,0,4,4,1,0,0,1978,0.19098466004512,38,0,1,0,0
305033485,0,0,1,0,4,9,1,0,0,1935,0.188664577315981,81,0,0,0,1
305033486,1,1,0,1,3,3,0,1,0,1953,0.686277251581518,63,0,0,1,0
305033488,1,62,1,0,4,10,0,0,0,1950,0.877815631575629,66,0,0,0,1
305033490,1,16,1,0,3,9,1,1,0,1975,1.04146177111691,41,0,1,0,0
305033491,1,12,1,0,4,10,0,0,0,1960,0.821387370417496,56,0,0,1,0
305033492,1,9,0,1,4,1,1,0,0,1962,0.327576022080632,54,0,0,1,0
305033493,1,15,1,0,4,10,0,1,0,1945,1.92259383232915,71,0,0,0,1
305033494,0,0,0,1,4,2,1,0,0,1950,0.172313764706301,66,0,0,0,1
305033495,1,39,1,0,4,9,0,0,1,1940,0.041432759006973,76,0,0,0,1
305033496,0,0,1,0,4,4,1,1,0,1966,0.444540493663773,50,0,0,1,0
305033497,0,0,1,0,4,5,0,1,0,1963,0.922211140464208,53,0,0,1,0
305033498,1,21,0,1,4,4,0,0,0,1948,0.270794003861219,68,0,0,0,1
305033499,1,20,0,1,4,3,1,1,0,1947,0.180664952286497,69,0,0,0,1
305033500,1,9,0,1,4,2,0,0,0,1969,0.198953084374713,47,0,0,1,0
305033501,0,0,0,1,4,1,1,0,0,1943,0.188664577315981,73,0,0,0,1
305033502,0,0,0,1,3,4,1,1,0,1943,1.01768207825723,73,0,0,0,1
305033503,1,126,0,1,4,1,0,1,0,1951,0.2037314984261,65,0,0,0,1
305033504,1,9,1,0,4,10,1,0,0,1956,0.886326848276275,60,0,0,1,0
305033506,1,6,1,0,4,10,0,0,0,1942,0.324430376075113,74,0,0,0,1
305033508,0,0,1,0,4,2,1,1,0,1964,0.444540493663773,52,0,0,1,0
305033509,1,25,0,1,4,3,1,0,0,1943,0.157473652425045,73,0,0,0,1
305033510,1,2,0,1,4,6,0,1,0,1964,0.220662274048938,52,0,0,1,0
305033514,0,0,1,0,4,NA,0,0,0,1932,0.270794003861219,84,0,0,0,1
305033515,0,0,0,0,3,2,1,0,0,1947,0.157473652425045,69,0,0,0,1
305033518,1,9,1,0,1,8,1,1,0,1984,1.41010647673014,32,0,1,0,0
305033519,0,0,1,0,4,6,0,1,0,1970,0.657659231091596,46,0,0,1,0
305033520,1,433,0,1,4,1,1,0,0,1953,0.262017896303204,63,0,0,1,0
305033522,0,0,0,1,4,2,1,1,0,1939,0.173131155567415,77,0,0,0,1
305033524,1,312,0,0,4,2,1,0,0,1958,0.327576022080632,58,0,0,1,0
305033525,1,56,1,0,4,10,1,0,0,1939,0.206444081809265,77,0,0,0,1
305033526,0,0,0,1,4,3,1,0,0,1937,0.165128215662243,79,0,0,0,1
305033528,0,0,1,0,3,4,0,0,0,1958,0.821387370417496,58,0,0,1,0
305033529,0,0,1,0,4,NA,1,0,0,1946,0.206444081809265,70,0,0,0,1
305033533,0,0,0,1,4,4,1,0,0,1964,0.81969975058846,52,0,0,1,0
305033535,1,10,0,1,4,2,0,1,0,1932,0.293555494144817,84,0,0,0,1
305033536,0,0,1,0,3,2,0,1,0,1975,2.07392199837949,41,0,1,0,0
305033537,0,0,0,1,4,NA,1,1,1,1957,0.22533837079805,59,0,0,1,0
305033539,1,40,1,0,4,10,0,0,0,1954,0.515862304233703,62,0,0,1,0
305033540,1,338,1,0,4,9,0,1,0,1987,1.3905116955367,29,1,0,0,0
305033541,1,1,0,0,4,4,0,1,0,1979,0.484284141034068,37,0,1,0,0
305033542,0,0,0,1,4,2,1,0,0,1944,0.165128215662243,72,0,0,0,1
305033545,0,0,0,0,4,3,0,0,0,1976,2.47225946677928,40,0,1,0,0
305033547,1,3,0,1,4,1,1,0,0,1963,0.739795079850535,53,0,0,1,0
305033548,1,3,1,0,4,10,1,0,0,1939,0.188664577315981,77,0,0,0,1
305033549,1,12,0,1,4,2,1,0,0,1955,0.302951427140516,61,0,0,1,0
305033550,1,5,0,1,4,2,1,0,0,1984,0.980811801091699,32,0,1,0,0
305033551,1,2,0,1,4,2,1,0,0,1951,0.165128215662243,65,0,0,0,1
305033552,0,0,0,1,4,8,0,1,0,1953,0.579183441386554,63,0,0,1,0
305033553,1,17,0,0,3,9,1,0,0,1951,0.174482254792965,65,0,0,0,1
305033554,0,0,0,1,4,2,1,1,0,1951,0.173131155567415,65,0,0,0,1
305033555,0,0,0,1,4,2,1,0,1,1952,0.261919402058379,64,0,0,1,0
305033556,1,44,0,1,4,1,1,0,0,1950,0.150906941665891,66,0,0,0,1
305033557,1,19,0,1,4,7,1,1,0,1955,0.192009103165981,61,0,0,1,0
305033559,0,0,0,1,4,4,1,0,0,1944,0.190925235649378,72,0,0,0,1
305033561,1,15,0,1,4,2,1,1,0,1955,0.148281224208277,61,0,0,1,0
305033563,1,41,0,1,4,1,1,0,0,1953,0.316814282937428,63,0,0,1,0
305033564,1,30,0,1,4,2,0,1,1,1960,0.532377704462742,56,0,0,1,0
305033566,0,0,0,1,4,2,0,1,0,1949,0.596045044576912,67,0,0,0,1
305033568,1,4,0,1,4,2,1,1,0,1950,0.173131155567415,66,0,0,0,1
305033571,1,3,0,1,4,1,1,0,0,1954,0.285931095593509,62,0,0,1,0
305033573,0,0,0,1,4,6,1,0,0,1951,0.188664577315981,65,0,0,0,1
305033574,0,0,1,0,3,NA,1,1,0,1970,0.746576786624216,46,0,0,1,0
305033575,1,1,0,1,4,1,1,0,1,1982,0.392675111845184,34,0,1,0,0
305033576,0,0,0,1,4,2,1,1,0,1940,0.180664952286497,76,0,0,0,1
305033580,1,2,0,1,4,1,1,0,0,1952,0.285931095593509,64,0,0,1,0
305033583,1,13,0,1,4,3,1,0,0,1961,0.34256568296288,55,0,0,1,0
305033585,0,0,0,1,4,8,0,0,0,1969,1.17233565661746,47,0,0,1,0
305033586,1,5,1,0,4,3,1,0,0,1963,0.741386213179421,53,0,0,1,0
305033587,1,6,0,1,2,6,0,1,0,1973,0.536591281060931,43,0,1,0,0
305033589,1,3,0,1,3,6,1,1,1,1974,1.22794376256952,42,0,1,0,0
305033590,1,6,0,1,4,4,1,0,0,1931,0.190925235649378,85,0,0,0,1
305033591,1,10,0,1,4,2,1,0,0,1943,0.190925235649378,73,0,0,0,1
305033593,1,9,1,0,4,6,0,0,0,1946,0.702137487556706,70,0,0,0,1
305033594,1,6,1,0,4,8,1,1,0,1963,0.649508394848436,53,0,0,1,0
305033598,1,6,0,0,4,4,1,0,0,1966,0.739795079850535,50,0,0,1,0
305033600,1,6,0,1,4,5,0,1,0,1962,0.184181337807281,54,0,0,1,0
305033602,0,0,1,0,2,6,1,1,0,1971,3.91456630493068,45,0,0,1,0
305033603,0,0,0,1,3,2,1,1,0,1955,0.240050695413558,61,0,0,1,0
305033604,0,0,0,1,2,5,0,1,0,1948,1.36966281578858,68,0,0,0,1
305033607,1,53,1,0,3,7,0,1,0,1950,0.685123391157029,66,0,0,0,1
305033609,1,3,1,0,2,6,0,1,0,1947,0.734569532305845,69,0,0,0,1
305033610,1,45,1,0,4,9,0,1,0,1951,0.271488295545091,65,0,0,0,1
305033611,0,0,1,0,4,7,1,0,1,1954,0.564741289040839,62,0,0,1,0
305033613,0,0,1,0,4,8,1,0,0,1949,0.190925235649378,67,0,0,0,1
305033617,0,0,0,0,2,8,1,1,0,1955,4.64798625973327,61,0,0,1,0
305033619,0,0,1,0,4,10,0,1,0,1938,0.635317566779222,78,0,0,0,1
305033621,1,6,1,0,3,8,0,1,0,1963,0.669665899237535,53,0,0,1,0
305033622,0,0,0,1,3,6,0,0,0,1973,4.22354512205294,43,0,1,0,0
305033625,0,0,0,1,4,9,1,1,1,1968,0.255038198550189,48,0,0,1,0
305033626,1,2,0,1,3,3,1,1,1,1958,1.13852265958065,58,0,0,1,0
305033628,0,0,1,0,4,6,1,1,0,1933,0.216449395400719,83,0,0,0,1
305033631,0,0,1,0,3,6,0,1,0,1941,1.92259383232915,75,0,0,0,1
305033638,1,1,0,1,4,7,0,1,0,1948,1.48099218750231,68,0,0,0,1
305033641,0,0,1,0,1,7,0,1,0,1959,1.24864487410483,57,0,0,1,0
305033643,0,0,0,1,2,8,0,0,1,1961,9.17462772514642,55,0,0,1,0
305033649,0,0,0,0,3,7,1,0,0,1964,1.0654065648656,52,0,0,1,0
305033651,1,8,1,0,4,3,0,1,0,1956,0.797605824975148,60,0,0,1,0
305033653,0,0,1,0,3,5,0,1,0,1979,0.902985968078923,37,0,1,0,0
305033655,0,0,0,1,3,6,0,1,0,1948,1.23614751797496,68,0,0,0,1
305033658,0,0,0,1,2,8,0,0,1,1958,3.21525009392411,58,0,0,1,0
305033659,0,0,0,1,4,1,0,1,0,1960,0.184181337807281,56,0,0,1,0
305033663,0,0,1,0,4,NA,0,1,0,1952,0.204074615762758,64,0,0,1,0
305033666,1,1,0,1,3,5,1,0,1,1960,1.01627781028273,56,0,0,1,0
305033669,0,0,0,1,4,8,1,1,1,1972,0.368990260535682,44,0,1,0,0
305033673,0,0,0,1,4,8,1,1,1,1950,0.955512256935997,66,0,0,0,1
305033680,1,12,1,0,3,2,0,0,0,1958,4.27570653738626,58,0,0,1,0
305033682,0,0,1,0,4,8,0,1,0,1957,1.12692645530292,59,0,0,1,0
305033683,0,0,0,1,3,2,0,0,1,1962,9.17462772514642,54,0,0,1,0
305033686,1,8,0,1,2,4,0,1,0,1950,0.476757937562201,66,0,0,0,1
305033688,1,332,0,1,3,2,0,1,0,1973,0.444497134648119,43,0,1,0,0
305033690,0,0,1,0,4,8,0,1,0,1942,0.794277048322897,74,0,0,0,1
305033695,0,0,0,1,1,NA,0,1,0,1953,0.724097897362051,63,0,0,1,0
305033701,0,0,0,1,2,8,0,1,0,1955,0.223374204970815,61,0,0,1,0
305033703,0,0,0,0,2,6,0,1,0,1950,6.41067784524973,66,0,0,0,1
305033708,0,0,0,1,3,5,1,0,0,1953,0.34256568296288,63,0,0,1,0
305033711,1,20,0,1,4,2,0,0,0,1959,1.22334980536811,57,0,0,1,0
305033712,1,3,1,0,4,5,1,0,0,1948,0.172313764706301,68,0,0,0,1
305033715,1,1,1,0,3,2,0,1,0,1940,0.596045044576912,76,0,0,0,1
305033725,1,8,1,0,4,5,0,1,0,1963,0.832313617039639,53,0,0,1,0
305033727,1,18,1,0,4,6,0,1,0,1948,0.497504044027158,68,0,0,0,1
305033731,0,0,1,0,3,8,0,0,0,1945,2.24023256579881,71,0,0,0,1
305033733,1,1,0,1,4,1,1,1,0,1946,0.200178428274,70,0,0,0,1
305033736,0,0,1,0,3,8,1,1,0,1951,0.200178428274,65,0,0,0,1
305033744,0,0,1,0,3,5,1,1,1,1975,1.05893136468446,41,0,1,0,0
305033746,1,13,1,0,4,9,0,1,0,1970,0.223374204970815,46,0,0,1,0
305033752,0,0,1,0,3,7,0,1,0,1964,0.724097897362051,52,0,0,1,0
305033758,0,0,0,1,4,4,1,1,0,1949,0.200178428274,67,0,0,0,1
305033760,0,0,0,1,4,5,1,1,0,1955,0.542128579050687,61,0,0,1,0
305033765,1,1,1,0,3,4,0,1,0,1953,1.350137626719,63,0,0,1,0
305033770,1,1,1,0,2,6,0,1,0,1956,0.832313617039639,60,0,0,1,0
305033774,0,0,0,1,4,7,0,1,0,1949,0.293555494144817,67,0,0,0,1
305033776,0,0,0,1,4,1,0,1,1,1950,0.354190327062288,66,0,0,0,1
305033779,1,19,1,0,2,5,0,1,0,1961,0.686277251581518,55,0,0,1,0
305033784,1,2,0,1,3,5,0,1,0,1957,0.604386590387462,59,0,0,1,0
305033786,1,178,1,0,4,10,1,1,0,1946,0.347849372478055,70,0,0,0,1
305033788,1,15,1,0,3,6,0,0,0,1982,6.95290916424328,34,0,1,0,0
305033791,0,0,0,1,3,NA,0,1,0,1949,1.92259383232915,67,0,0,0,1
305033798,1,7,0,1,4,6,0,0,0,1965,0.903528971761496,51,0,0,1,0
305033812,0,0,0,1,1,4,0,1,1,1956,1.17350112871782,60,0,0,1,0
305033816,0,0,0,0,2,4,0,1,0,1953,0.832313617039639,63,0,0,1,0
305033821,0,0,0,1,4,NA,1,0,1,1948,0.872883459783031,68,0,0,0,1
305033830,0,0,1,0,3,9,1,1,0,1955,0.52947012471033,61,0,0,1,0
305033832,0,0,0,1,4,2,0,1,1,1955,1.17350112871782,61,0,0,1,0
305033835,0,0,1,0,4,10,0,1,0,1975,1.00384878945565,41,0,1,0,0
305033840,0,0,0,1,3,6,1,1,1,1977,1.37406662247085,39,0,1,0,0
305033842,1,3,0,1,4,2,1,0,0,1969,0.302951427140516,47,0,0,1,0
305033849,0,0,0,0,3,5,0,1,1,1965,3.2806476983081,51,0,0,1,0
305033853,0,0,1,0,2,3,0,1,0,1957,1.12692645530292,59,0,0,1,0
305033860,1,1,0,1,4,2,1,1,1,1974,0.997781874426331,42,0,1,0,0
305033862,0,0,1,0,1,3,0,0,0,1958,2.27955653285726,58,0,0,1,0
305033866,1,1,0,0,3,9,0,1,0,1966,1.07993319665392,50,0,0,1,0
305033868,0,0,0,1,2,8,1,0,1,1965,0.590281420765773,51,0,0,1,0
305033876,0,0,0,0,3,7,1,0,0,1949,0.190925235649378,67,0,0,0,1
305033880,0,0,0,1,3,6,0,0,1,1969,2.5779074017688,47,0,0,1,0
305033882,1,6,1,0,4,9,1,0,0,1977,0.378270579991649,39,0,1,0,0
305033890,0,0,0,1,3,8,0,1,0,1960,1.07993319665392,56,0,0,1,0
305033891,1,434,1,0,4,10,0,1,1,1961,0.975046342168177,55,0,0,1,0
305033898,0,0,0,0,2,7,0,0,0,1957,6.07974866412838,59,0,0,1,0
305033902,1,1,1,0,2,7,0,0,0,1971,6.95290916424328,45,0,0,1,0
305033904,0,0,0,1,4,2,0,1,0,1938,3.88433849274842,78,0,0,0,1
305033906,1,6,1,0,1,6,1,1,0,1975,1.2477448881936,41,0,1,0,0
305033910,1,2,1,0,3,6,0,1,0,1962,0.929197810352486,54,0,0,1,0
305033912,0,0,0,0,3,4,0,0,0,1963,0.242486800171755,53,0,0,1,0
305033914,0,0,0,1,3,4,0,1,0,1950,0.551239055128892,66,0,0,0,1
305033916,1,8,0,0,4,7,0,0,0,1946,2.24023256579881,70,0,0,0,1
305033919,0,0,0,1,4,3,1,0,0,1947,0.188664577315981,69,0,0,0,1
305033933,1,5,0,1,4,2,1,0,0,1952,0.262017896303204,64,0,0,1,0
305033935,1,2,0,1,4,2,1,0,0,1956,0.302951427140516,60,0,0,1,0
305033938,1,146,1,0,4,8,0,0,0,1963,1.46565962232458,53,0,0,1,0
305033939,1,16,1,0,3,10,0,1,0,1960,0.929197810352486,56,0,0,1,0
305033940,1,61,0,0,4,7,1,1,0,1955,0.222005567744852,61,0,0,1,0
305033942,1,7,1,0,4,4,0,1,1,1957,1.9836901619439,59,0,0,1,0
305033945,0,0,0,1,3,5,0,0,0,1969,0.961865943388647,47,0,0,1,0
305033958,1,56,1,0,4,10,0,0,0,1953,0.220441846779659,63,0,0,1,0
305033961,1,16,1,0,4,6,0,1,0,1947,0.497504044027158,69,0,0,0,1
305033967,0,0,0,1,4,4,0,1,0,1951,1.01159131278647,65,0,0,0,1
305033969,1,18,0,1,4,2,1,0,0,1949,0.165128215662243,67,0,0,0,1
305033971,1,111,0,1,4,1,0,1,0,1958,0.267618101918169,58,0,0,1,0
305033973,0,0,0,1,4,4,1,0,0,1963,0.708945345716529,53,0,0,1,0
305033975,1,49,0,1,4,1,1,0,0,1938,0.190925235649378,78,0,0,0,1
305033978,1,1,1,0,4,9,0,0,0,1952,0.644933510063292,64,0,0,1,0
305033980,1,12,0,1,4,4,1,1,0,1963,0.192009103165981,53,0,0,1,0
305033983,1,157,1,0,4,3,0,1,0,1960,0.686277251581518,56,0,0,1,0
305033985,1,44,1,0,4,9,1,0,0,1952,0.34256568296288,64,0,0,1,0
305033987,0,0,1,0,3,8,0,1,0,1954,0.552167432321024,62,0,0,1,0
305033989,1,28,1,0,4,10,0,1,0,1980,2.24249519055595,36,0,1,0,0
305033992,0,0,1,0,4,10,1,0,0,1953,0.327576022080632,63,0,0,1,0
305033996,0,0,1,0,4,7,0,1,0,1941,0.183871667690523,75,0,0,0,1
305033998,0,0,0,1,4,3,1,0,0,1943,0.174482254792965,73,0,0,0,1
305034004,0,0,1,0,4,10,0,0,0,1965,0.198953084374713,51,0,0,1,0
305034006,0,0,0,1,4,4,1,0,0,1945,0.190925235649378,71,0,0,0,1
305034009,0,0,0,0,4,7,1,0,0,1949,0.206444081809265,67,0,0,0,1
305034011,0,0,0,1,4,5,1,0,0,1939,0.174482254792965,77,0,0,0,1
305034013,1,395,1,0,4,10,0,0,0,1936,0.324430376075113,80,0,0,0,1
305034015,0,0,0,1,4,3,1,1,0,1950,0.313940871768742,66,0,0,0,1
305034017,1,1,1,0,4,5,1,0,0,1951,0.157473652425045,65,0,0,0,1
305034019,1,54,1,0,4,4,1,0,0,1981,0.453194918554168,35,0,1,0,0
305034023,0,0,0,0,4,9,1,0,0,1970,0.285931095593509,46,0,0,1,0
305034025,0,0,0,1,4,3,0,0,1,1977,1.64327481310525,39,0,1,0,0
305034028,0,0,1,0,4,4,1,0,0,1940,0.188664577315981,76,0,0,0,1
305034030,0,0,1,0,4,10,1,0,0,1948,0.188664577315981,68,0,0,0,1
305034032,1,32,0,1,3,3,1,1,0,1949,0.376123376592491,67,0,0,0,1
305034033,1,55,0,0,4,3,1,1,0,1962,0.649508394848436,54,0,0,1,0
305034041,0,0,0,1,3,7,0,1,0,1985,0.198317852691629,31,0,1,0,0
305034044,0,0,0,1,4,4,0,1,0,1968,0.552167432321024,48,0,0,1,0
305034046,1,28,1,0,4,9,0,1,0,1959,1.350137626719,57,0,0,1,0
305034048,1,2,0,1,4,4,0,0,0,1965,0.74131818980059,51,0,0,1,0
305034049,1,4,0,1,4,1,1,1,0,1948,0.173131155567415,68,0,0,0,1
305034052,0,0,1,0,3,7,0,1,0,1951,1.92259383232915,65,0,0,0,1
305034056,0,0,0,1,4,1,0,1,0,1953,0.220662274048938,63,0,0,1,0
305034061,1,5,0,1,4,2,0,0,0,1958,0.865851472518265,58,0,0,1,0
305034063,1,5,0,1,4,3,1,0,0,1977,0.378270579991649,39,0,1,0,0
305034066,0,0,1,0,4,9,0,0,1,1983,2.83487006902188,33,0,1,0,0
305034069,0,0,1,0,2,6,0,1,0,1955,0.498341922626598,61,0,0,1,0
305034076,0,0,0,0,4,6,1,0,0,1970,0.773647610627608,46,0,0,1,0
305034083,1,2,0,1,4,3,1,1,0,1957,0.142097841176297,59,0,0,1,0
305034087,0,0,1,0,4,4,1,1,0,1957,0.542128579050687,59,0,0,1,0
305034090,0,0,0,1,4,5,1,1,0,1957,0.20036437317342,59,0,0,1,0
305034092,1,9,0,1,1,6,0,1,0,1956,0.223374204970815,60,0,0,1,0
305034094,0,0,1,0,3,4,0,0,0,1962,1.11213266108452,54,0,0,1,0
305034099,1,1,0,1,4,8,0,1,1,1956,0.979492342935194,60,0,0,1,0
305034101,1,10,0,1,4,4,1,1,0,1963,0.600683450239364,53,0,0,1,0
305034110,1,10,1,0,2,7,1,1,0,1970,0.649508394848436,46,0,0,1,0
305034116,0,0,0,0,1,1,1,0,0,1958,6.85531099709122,58,0,0,1,0
305034118,0,0,0,1,4,3,1,0,0,1968,0.327576022080632,48,0,0,1,0
305034121,1,9,1,0,4,3,1,1,1,1974,1.34111248940848,42,0,1,0,0
305034123,1,519,1,0,4,10,1,1,0,1950,0.941180725088193,66,0,0,0,1
305034129,1,47,0,0,4,2,0,0,0,1943,0.300042246118665,73,0,0,0,1
305034130,0,0,0,1,4,NA,0,1,0,1947,2.3034034401364,69,0,0,0,1
305034132,0,0,0,1,3,NA,0,1,0,1959,0.822208703470755,57,0,0,1,0
305034141,1,9,0,0,4,9,0,0,1,1967,0.239289233973419,49,0,0,1,0
305034145,0,0,1,0,3,6,0,1,0,1978,1.87175522414577,38,0,1,0,0
305034147,0,0,0,1,4,2,0,1,0,1938,0.497504044027158,78,0,0,0,1
305034152,1,29,1,0,4,8,0,0,1,1959,5.0383850673138,57,0,0,1,0
305034162,0,0,0,1,3,4,1,1,0,1955,0.649508394848436,61,0,0,1,0
305034165,1,19,1,0,4,10,0,1,0,1954,0.220662274048938,62,0,0,1,0
305034169,0,0,0,1,3,5,1,1,0,1974,0.279504852940136,42,0,1,0,0
305034171,0,0,0,1,4,3,0,0,1,1974,4.40910460192049,42,0,1,0,0
305034176,0,0,0,1,4,7,0,1,0,1940,0.596045044576912,76,0,0,0,1
305034180,1,1,0,1,4,1,1,0,0,1945,0.174482254792965,71,0,0,0,1
305034186,0,0,1,0,3,8,1,1,0,1982,1.53640520211564,34,0,1,0,0
305034189,1,7,1,0,4,8,1,1,0,1961,0.542128579050687,55,0,0,1,0
305034195,0,0,1,0,4,9,0,0,0,1956,0.238359871579992,60,0,0,1,0
305034198,1,10,0,1,4,6,0,0,0,1969,0.710404941406628,47,0,0,1,0
305034200,1,1,0,1,4,3,0,1,0,1953,0.220662274048938,63,0,0,1,0
305034204,0,0,0,1,4,5,0,0,0,1947,0.324430376075113,69,0,0,0,1
305034208,0,0,0,1,4,4,0,0,0,1954,1.46565962232458,62,0,0,1,0
305034212,1,2,0,1,4,1,1,0,0,1951,0.190925235649378,65,0,0,0,1
305034214,1,372,1,0,4,10,0,1,0,1954,0.686277251581518,62,0,0,1,0
305034216,0,0,1,0,3,1,0,1,0,1940,0.65655348708244,76,0,0,0,1
305034223,1,5,0,1,4,6,1,0,0,1947,0.190925235649378,69,0,0,0,1
305034225,0,0,1,0,4,10,0,0,1,1948,5.81638706197359,68,0,0,0,1
305034230,0,0,0,1,4,4,0,0,0,1949,0.259501791663904,67,0,0,0,1
305034231,1,1,0,0,4,10,1,0,0,1941,0.172313764706301,75,0,0,0,1
305034234,1,32,1,0,4,9,0,0,1,1950,0.041432759006973,66,0,0,0,1
305034236,0,0,1,0,4,10,0,0,0,1946,0.324430376075113,70,0,0,0,1
305034238,0,0,0,1,3,6,0,1,0,1970,0.822208703470755,46,0,0,1,0
305034240,1,5,1,0,4,9,0,0,0,1958,2.27955653285726,58,0,0,1,0
305034242,0,0,0,0,2,3,1,1,0,1979,1.04944115741847,37,0,1,0,0
305034245,1,74,1,0,4,10,0,0,0,1973,1.32590770466757,43,0,1,0,0
305034246,1,2,0,1,3,8,0,0,0,1958,0.515862304233703,58,0,0,1,0
305034247,1,54,1,0,4,9,1,0,0,1942,0.188664577315981,74,0,0,0,1
305034249,1,5,0,1,4,4,1,0,0,1958,0.262017896303204,58,0,0,1,0
305034253,1,10,0,1,4,1,1,0,0,1944,0.190925235649378,72,0,0,0,1
305034257,0,0,1,0,4,7,1,0,0,1978,0.615475002641093,38,0,1,0,0
305034259,0,0,0,1,4,8,0,1,0,1950,0.596045044576912,66,0,0,0,1
305034270,0,0,0,1,4,6,1,1,1,1959,0.305553806544263,57,0,0,1,0
305034274,0,0,0,0,4,2,1,0,0,1962,0.857208665949672,54,0,0,1,0
305034276,1,26,1,0,4,2,1,0,0,1944,0.150906941665891,72,0,0,0,1
305034279,0,0,0,1,4,1,0,0,0,1969,0.238359871579992,47,0,0,1,0
305034281,0,0,0,0,1,8,0,1,0,1969,0.686277251581518,47,0,0,1,0
305034283,1,28,0,0,3,2,1,1,0,1958,0.222005567744852,58,0,0,1,0
305034291,0,0,0,0,3,NA,0,1,0,1949,0.685123391157029,67,0,0,0,1
305034294,0,0,0,0,4,4,1,0,0,1965,0.886326848276275,51,0,0,1,0
305034297,1,6,0,1,4,3,1,1,0,1952,0.240050695413558,64,0,0,1,0
305034310,0,0,0,1,4,4,1,0,0,1957,0.273419596713742,59,0,0,1,0
305034314,1,30,0,1,4,2,1,1,0,1960,0.519521612627581,56,0,0,1,0
305034316,1,1,1,0,4,3,0,1,0,1971,0.220662274048938,45,0,0,1,0
305034318,1,1,1,0,4,9,0,1,0,1944,0.497504044027158,72,0,0,0,1
305034322,0,0,0,1,4,3,1,1,0,1948,0.300849418889898,68,0,0,0,1
305034324,1,29,0,0,4,2,1,1,0,1961,0.600683450239364,55,0,0,1,0
305034326,1,34,0,0,4,10,1,0,1,1938,0.126719866314092,78,0,0,0,1
305034332,0,0,0,0,4,4,1,1,1,1960,0.37668356987644,56,0,0,1,0
305034334,1,1,1,0,4,10,0,0,0,1960,0.238359871579992,56,0,0,1,0
305034336,1,13,1,0,4,9,0,1,0,1953,0.832313617039639,63,0,0,1,0
305034338,1,8,1,0,4,8,1,0,0,1959,0.262017896303204,57,0,0,1,0
305034343,0,0,0,1,4,5,0,1,0,1947,0.2037314984261,69,0,0,0,1
305034345,1,9,0,1,3,10,0,1,1,1957,1.83457190104586,59,0,0,1,0
305034348,0,0,0,1,1,2,1,0,1,1967,0.708678848513728,49,0,0,1,0
305034350,1,2,1,0,4,10,0,0,1,1959,1.6574867674496,57,0,0,1,0
305034352,0,0,0,1,4,1,1,1,1,1966,0.305553806544263,50,0,0,1,0
305034356,0,0,1,0,3,7,0,1,1,1965,2.61507502635316,51,0,0,1,0
305034358,0,0,0,1,4,8,1,1,1,1971,0.243654396432066,45,0,0,1,0
305034359,0,0,0,0,NA,6,0,1,1,1965,2.07099445019784,51,0,0,1,0
305034361,1,1,0,1,3,6,0,1,1,1955,0.938647142434603,61,0,0,1,0
305034365,0,0,0,0,3,7,1,1,1,1956,2.58500524839265,60,0,0,1,0
305034369,0,0,0,1,4,3,1,0,0,1947,0.157473652425045,69,0,0,0,1
305034371,1,20,1,0,3,8,1,0,1,1940,1.66337351951907,76,0,0,0,1
305034374,1,2,0,1,3,3,1,1,0,1958,0.148281224208277,58,0,0,1,0
305034375,0,0,0,1,4,4,0,1,0,1952,0.597048882421346,64,0,0,1,0
305034377,0,0,0,1,3,1,0,1,1,1948,1.14781308249837,68,0,0,0,1
305034378,1,2,0,1,3,4,1,1,1,1975,0.789005788595519,41,0,1,0,0
305034384,1,56,0,1,4,3,0,1,0,1955,0.220662274048938,61,0,0,1,0
305034386,1,22,0,1,4,4,1,1,0,1951,0.173131155567415,65,0,0,0,1
305034388,1,99,1,0,4,4,0,1,0,1959,0.922211140464208,57,0,0,1,0
305034391,1,16,0,1,3,6,1,1,0,1965,0.20036437317342,51,0,0,1,0
305034395,0,0,0,1,4,2,1,1,0,1971,0.240050695413558,45,0,0,1,0
305034397,1,8,1,0,3,5,0,1,0,1927,0.794277048322897,89,0,0,0,1
305034399,1,7,1,0,4,9,0,0,0,1936,0.324430376075113,80,0,0,0,1
305034402,0,0,0,1,3,7,0,1,1,1940,1.06152950153306,76,0,0,0,1
305034403,1,1,0,1,4,7,1,1,0,1935,0.347849372478055,81,0,0,0,1
305034406,0,0,0,1,3,8,1,0,1,1962,0.612925123987014,54,0,0,1,0
305034409,0,0,0,0,3,4,0,0,1,1967,9.17462772514642,49,0,0,1,0
305034411,0,0,0,1,4,7,1,1,1,1963,0.908091781161211,53,0,0,1,0
305034413,0,0,0,1,4,6,1,0,0,1952,0.285931095593509,64,0,0,1,0
305034416,0,0,0,0,4,5,1,0,1,1964,0.261919402058379,52,0,0,1,0
305034421,0,0,0,1,4,7,1,0,1,1958,0.171328497902459,58,0,0,1,0
305034423,1,1,1,0,4,3,1,0,1,1961,0.579552197419647,55,0,0,1,0
305034427,0,0,0,0,4,NA,0,0,0,1949,0.732690977959765,67,0,0,0,1
305034428,1,24,1,0,4,9,1,0,0,1939,0.206444081809265,77,0,0,0,1
305034433,0,0,1,0,4,5,1,0,0,1962,0.857208665949672,54,0,0,1,0
305034435,1,10,0,1,4,2,1,1,0,1954,0.148281224208277,62,0,0,1,0
305034451,1,1,0,1,4,4,1,1,1,1948,1.38836448870112,68,0,0,0,1
305034458,1,46,0,1,4,2,1,1,0,1956,0.222005567744852,60,0,0,1,0
305034461,1,131,1,0,4,8,0,1,0,1974,0.536591281060931,42,0,1,0,0
305034467,1,1,1,0,4,2,1,0,0,1952,0.886326848276275,64,0,0,1,0
305034472,1,30,0,1,3,3,1,1,0,1972,0.907645053717627,44,0,1,0,0
305034476,1,21,0,1,4,3,0,0,0,1970,0.190656665643001,46,0,0,1,0
305034478,0,0,0,1,4,3,1,0,0,1963,0.273419596713742,53,0,0,1,0
305034482,0,0,0,1,4,7,0,1,0,1945,0.183871667690523,71,0,0,0,1
305034488,1,43,1,0,4,10,0,0,0,1934,0.644781609403688,82,0,0,0,1
305034490,1,1,0,1,4,1,0,0,0,1953,0.232375009055469,63,0,0,1,0
305034491,1,2,0,1,4,4,0,1,0,1962,0.184181337807281,54,0,0,1,0
305034500,0,0,0,1,4,1,1,0,0,1946,0.190925235649378,70,0,0,0,1
305034502,1,29,0,0,4,10,1,0,1,1963,2.78437256527864,53,0,0,1,0
305034507,0,0,0,1,4,NA,1,1,0,1959,0.240050695413558,57,0,0,1,0
305034508,1,14,1,0,4,9,1,0,1,1940,0.126719866314092,76,0,0,0,1
305034511,1,2,1,0,3,9,0,1,0,1959,0.184181337807281,57,0,0,1,0
305034513,0,0,0,1,4,6,1,0,1,1955,0.261919402058379,61,0,0,1,0
305034517,1,293,0,1,4,2,0,1,0,1963,0.597048882421346,53,0,0,1,0
305034518,0,0,0,1,4,8,1,0,0,1955,0.34256568296288,61,0,0,1,0
305034524,1,9,1,0,4,10,0,0,0,1947,0.877815631575629,69,0,0,0,1
305034531,1,1,0,1,4,2,1,0,0,1953,0.302951427140516,63,0,0,1,0
305034533,1,219,1,0,4,9,1,1,1,1952,0.203372293206453,64,0,0,1,0
305034535,1,65,1,0,4,5,1,1,1,1953,0.981903588191157,63,0,0,1,0
305034542,1,8,0,1,4,1,1,1,0,1948,0.180664952286497,68,0,0,0,1
305034545,1,7,1,0,4,9,1,0,0,1941,0.206444081809265,75,0,0,0,1
305034550,0,0,0,0,4,1,1,1,0,1950,0.313940871768742,66,0,0,0,1
305034552,0,0,1,0,4,8,0,1,0,1957,0.797605824975148,59,0,0,1,0
305034555,1,51,0,0,2,6,1,1,1,1956,0.908091781161211,60,0,0,1,0
305034557,1,2,0,1,4,5,0,1,0,1942,0.2037314984261,74,0,0,0,1
305034558,0,0,1,0,4,8,1,0,0,1928,0.174482254792965,88,0,0,0,1
305034559,1,59,1,0,4,9,1,0,0,1956,0.285931095593509,60,0,0,1,0
305034560,1,2,0,1,4,1,1,0,0,1944,0.174482254792965,72,0,0,0,1
305034567,1,34,0,0,3,10,1,0,0,1989,3.37377290887869,27,1,0,0,0
305034570,1,2,1,0,4,9,1,0,0,1946,0.206444081809265,70,0,0,0,1
305034572,1,96,1,0,4,9,1,0,0,1941,0.174482254792965,75,0,0,0,1
305034576,1,27,1,0,4,6,1,1,0,1955,0.480673776461849,61,0,0,1,0
305034578,1,28,0,1,4,3,1,0,0,1960,0.327576022080632,56,0,0,1,0
305034580,0,0,0,1,4,2,1,0,0,1950,0.157473652425045,66,0,0,0,1
305034582,0,0,1,0,3,7,0,1,0,1947,0.820826297043295,69,0,0,0,1
305034584,0,0,1,0,3,8,0,1,0,1952,1.350137626719,64,0,0,1,0
305034588,1,6,1,0,4,9,0,0,1,1965,0.593844113623388,51,0,0,1,0
305034592,1,24,1,0,4,6,0,0,0,1953,0.268677604157545,63,0,0,1,0
305034598,1,12,1,0,4,9,0,0,1,1961,0.961188171357455,55,0,0,1,0
305034602,0,0,0,1,4,3,1,0,0,1973,1.02349179537051,43,0,1,0,0
305034604,1,4,0,1,3,7,0,1,0,1979,0.580206665445287,37,0,1,0,0
305034605,1,4,1,0,3,5,0,1,0,1959,3.59839450276622,57,0,0,1,0
305034609,1,3,0,1,4,4,1,1,0,1952,0.148281224208277,64,0,0,1,0
305034615,1,1,0,1,4,10,1,1,0,1971,0.661946072044031,45,0,0,1,0
305034618,0,0,1,0,4,10,0,1,0,1947,0.220291267339017,69,0,0,0,1
305034619,1,4,1,0,3,9,0,0,0,1951,0.732690977959765,65,0,0,0,1
305034622,1,100,1,0,4,10,0,0,0,1954,0.710404941406628,62,0,0,1,0
305034633,0,0,0,1,4,2,1,1,0,1992,0.239044379135627,24,1,0,0,0
305034634,1,6,0,1,3,5,1,0,1,1946,0.090400600060161,70,0,0,0,1
305034635,1,5,1,0,4,4,0,0,1,1943,2.4508614577557,73,0,0,0,1
305034637,1,31,1,0,4,9,0,1,0,1949,0.220291267339017,67,0,0,0,1
305034639,1,1,1,0,4,4,0,1,0,1956,0.997170601779634,60,0,0,1,0
305034648,0,0,0,1,4,4,1,0,1,1959,0.61596749798582,57,0,0,1,0
305034650,1,14,1,0,4,10,0,0,0,1956,0.220441846779659,60,0,0,1,0
305034655,1,3,0,1,4,1,0,1,0,1977,0.198317852691629,39,0,1,0,0
305034661,1,544,1,0,4,10,0,0,0,1956,0.238359871579992,60,0,0,1,0
305034663,1,26,1,0,4,5,0,0,0,1949,0.811828340374167,67,0,0,0,1
305034668,0,0,0,1,3,3,1,0,0,1978,1.90838115757845,38,0,1,0,0
305034675,0,0,0,0,1,2,0,1,0,1970,0.760401504791784,46,0,0,1,0
305034677,0,0,0,1,4,7,1,0,0,1951,0.165128215662243,65,0,0,0,1
305034678,0,0,0,1,3,9,1,0,1,1942,0.807266930555527,74,0,0,0,1
305034680,1,606,1,0,4,10,1,0,0,1946,0.165128215662243,70,0,0,0,1
305034682,1,487,1,0,4,10,0,0,0,1948,0.270794003861219,68,0,0,0,1
305034685,1,2,0,1,4,3,1,0,0,1942,0.172313764706301,74,0,0,0,1
305034687,1,29,1,0,4,10,1,0,0,1954,0.302951427140516,62,0,0,1,0
305034689,1,5,0,1,4,6,0,0,1,1940,0.121988081411071,76,0,0,0,1
305034691,0,0,1,0,4,5,0,0,0,1977,2.06353377785428,39,0,1,0,0
305034693,1,57,1,0,4,10,1,0,0,1968,0.886326848276275,48,0,0,1,0
305034695,0,0,1,0,4,NA,0,0,0,1946,0.617893972858959,70,0,0,0,1
305034696,0,0,1,0,3,9,0,1,0,1961,0.724097897362051,55,0,0,1,0
305034699,1,27,1,0,4,9,1,0,1,1941,0.166348807814624,75,0,0,0,1
305034705,0,0,1,0,4,10,1,0,0,1949,0.174482254792965,67,0,0,0,1
305034707,1,41,0,1,4,3,1,0,0,1952,0.302951427140516,64,0,0,1,0
305034713,1,17,1,0,3,9,0,0,0,1936,0.300042246118665,80,0,0,0,1
305034715,1,14,0,0,3,7,1,0,1,1960,0.198094151894602,56,0,0,1,0
305034717,1,54,1,0,3,10,0,1,0,1931,1.92259383232915,85,0,0,0,1
305034719,0,0,0,1,4,7,0,1,0,1980,0.17152197318261,36,0,1,0,0
305034722,0,0,1,0,4,8,0,0,0,1953,0.888151641760821,63,0,0,1,0
305034724,1,1,0,1,4,2,1,0,1,1969,0.214195704201031,47,0,0,1,0
305034726,1,15,1,0,4,7,1,1,0,1979,0.907645053717627,37,0,1,0,0
305034730,1,54,1,0,4,10,1,0,0,1964,0.285931095593509,52,0,0,1,0
305034731,0,0,1,0,4,NA,0,1,0,1944,0.497504044027158,72,0,0,0,1
305034740,0,0,0,1,3,7,0,1,0,1972,0.536591281060931,44,0,1,0,0
305034744,0,0,1,0,4,NA,0,0,0,1938,0.300042246118665,78,0,0,0,1
305034746,0,0,0,0,3,6,1,1,0,1958,0.222005567744852,58,0,0,1,0
305034751,1,6,1,0,4,10,0,0,0,1953,0.238359871579992,63,0,0,1,0
305034752,1,10,0,1,3,3,1,0,0,1947,0.206444081809265,69,0,0,0,1
305034754,1,8,1,0,4,9,1,0,0,1951,0.188664577315981,65,0,0,0,1
305034763,1,10,1,0,4,7,1,0,0,1950,0.206444081809265,66,0,0,0,1
305034773,1,6,1,0,4,7,0,0,0,1952,1.82334654242936,64,0,0,1,0
305034775,0,0,0,1,4,9,1,0,0,1960,0.739795079850535,56,0,0,1,0
305034782,0,0,0,1,4,6,0,0,0,1971,0.220441846779659,45,0,0,1,0
305034785,1,124,1,0,4,10,0,1,0,1945,0.176204149728421,71,0,0,0,1
305034790,1,28,1,0,4,10,0,0,0,1940,0.300042246118665,76,0,0,0,1
305034792,1,5,1,0,4,8,1,0,0,1943,0.190925235649378,73,0,0,0,1
305034794,0,0,0,0,4,NA,1,0,0,1987,0.408131848948499,29,1,0,0,0
305034796,1,1,0,1,4,1,1,1,0,1953,0.192009103165981,63,0,0,1,0
305034802,1,130,1,0,4,7,1,0,0,1941,0.206444081809265,75,0,0,0,1
305034805,1,2,0,1,4,3,1,1,0,1980,0.281646340277089,36,0,1,0,0
305034808,0,0,0,1,3,6,1,0,1,1971,0.737972644047181,45,0,0,1,0
305034810,0,0,1,0,4,9,0,1,0,1940,0.497504044027158,76,0,0,0,1
305034814,1,1,0,1,3,5,0,1,0,1954,0.657659231091596,62,0,0,1,0
305034817,0,0,0,1,3,4,0,1,0,1950,0.551239055128892,66,0,0,0,1
305034819,1,6,1,0,4,10,0,1,0,1951,0.2037314984261,65,0,0,0,1
305034827,1,2,0,1,4,5,1,0,0,1948,0.157473652425045,68,0,0,0,1
305034831,0,0,1,0,4,8,0,1,0,1948,2.13025164368695,68,0,0,0,1
305034833,0,0,0,0,4,NA,1,1,0,1987,0.25847446092955,29,1,0,0,0
305034836,1,83,1,0,4,9,1,0,0,1941,0.165128215662243,75,0,0,0,1
305034838,1,46,1,0,4,4,1,0,0,1946,0.190925235649378,70,0,0,0,1
305034840,1,25,1,0,4,10,0,1,0,1947,0.497504044027158,69,0,0,0,1
305034844,1,2,0,1,4,2,0,1,1,1956,1.2023175685512,60,0,0,1,0
305034847,0,0,0,1,4,7,1,1,0,1941,0.200178428274,75,0,0,0,1
305034849,1,252,1,0,4,10,1,0,0,1976,0.64225737777385306,40,0,1,0,0
305034852,0,0,1,0,4,5,1,0,0,1953,0.708945345716529,63,0,0,1,0
305034860,1,8,1,0,3,9,0,0,0,1966,0.865851472518265,50,0,0,1,0
305034862,1,1,0,1,4,1,0,0,0,1945,1.79189252129098,71,0,0,0,1
305034864,0,0,0,1,4,1,1,0,0,1955,0.285931095593509,61,0,0,1,0
305034869,1,49,1,0,4,8,1,0,0,1964,0.81969975058846,52,0,0,1,0
305034871,1,18,0,1,2,7,0,1,0,1954,0.220662274048938,62,0,0,1,0
305034877,0,0,1,0,4,2,0,0,1,1936,0.041432759006973,80,0,0,0,1
305034879,0,0,0,0,4,7,0,0,0,1952,0.903528971761496,64,0,0,1,0
305034882,1,1,0,1,4,3,0,1,0,1939,0.476757937562201,77,0,0,0,1
305034884,1,1,0,1,3,7,1,1,1,1975,0.314888787103336,41,0,1,0,0
305034891,1,193,1,0,4,10,0,0,0,1935,0.300042246118665,81,0,0,0,1
305034901,0,0,1,0,3,6,0,0,0,1946,1.8698666672707,70,0,0,0,1
305034903,1,1,0,0,3,2,0,1,0,1967,0.760401504791784,49,0,0,1,0
305034906,0,0,1,0,1,5,0,1,0,1955,0.657659231091596,61,0,0,1,0
305034907,1,3,0,1,4,2,1,1,0,1979,0.334866589589114,37,0,1,0,0
305034908,1,290,1,0,4,9,0,0,0,1964,0.238359871579992,52,0,0,1,0
305034910,0,0,0,0,1,3,0,1,1,1951,0.784013415301157,65,0,0,0,1
305034917,1,1,1,0,4,2,0,1,0,1943,0.551239055128892,73,0,0,0,1
305034920,1,15,1,0,4,6,0,0,0,1944,0.702137487556706,72,0,0,0,1
305034924,1,81,1,0,4,10,1,0,0,1941,0.188664577315981,75,0,0,0,1
305034926,1,11,0,1,4,5,0,0,1,1985,0.352756536012962,31,0,1,0,0
305034929,0,0,0,1,4,2,1,0,0,1965,0.739795079850535,51,0,0,1,0
305034931,1,2,0,0,4,8,0,1,1,1964,0.379428562346022,52,0,0,1,0
305034933,1,97,1,0,4,10,0,0,1,1942,0.101177114586671,74,0,0,0,1
305034941,0,0,0,1,4,3,1,0,0,1944,0.190925235649378,72,0,0,0,1
305034946,1,6,0,1,4,1,1,1,0,1963,0.600683450239364,53,0,0,1,0
305034951,1,6,1,0,4,8,0,0,0,1954,1.22334980536811,62,0,0,1,0
305034953,0,0,0,1,4,7,0,1,0,1938,0.234805931568275,78,0,0,0,1
305034954,1,1,1,0,4,8,1,0,0,1963,0.739795079850535,53,0,0,1,0
305034956,0,0,0,1,4,1,1,1,0,1980,0.243591463745344,36,0,1,0,0
305034959,1,27,1,0,4,10,0,1,0,1957,0.552167432321024,59,0,0,1,0
305034961,0,0,0,1,4,7,1,0,0,1953,0.262017896303204,63,0,0,1,0
305034963,1,40,0,0,4,7,1,0,0,1985,1.0418378769947,31,0,1,0,0
305034967,0,0,0,1,4,8,1,0,0,1943,0.174482254792965,73,0,0,0,1
305034968,1,5,1,0,4,10,1,0,0,1981,0.378270579991649,35,0,1,0,0
305034972,0,0,1,0,4,NA,0,0,0,1956,0.220441846779659,60,0,0,1,0
305034973,1,25,1,0,4,10,0,0,0,1936,0.270794003861219,80,0,0,0,1
305034976,0,0,0,1,3,6,0,1,0,1965,0.47756087630771,51,0,0,1,0
305034977,0,0,0,1,4,5,1,1,1,1951,0.218915704466432,65,0,0,0,1
305034979,1,1,0,1,4,2,1,1,0,1973,0.687768923096234,43,0,1,0,0
305034980,1,131,1,0,4,9,1,0,0,1951,0.190925235649378,65,0,0,0,1
305034984,1,99,1,0,4,10,0,0,0,1960,1.35548283255044,56,0,0,1,0
305034992,0,0,1,0,4,NA,0,0,0,1943,0.324430376075113,73,0,0,0,1
305034998,1,3,1,0,4,10,0,1,0,1949,0.820826297043295,67,0,0,0,1
305035002,0,0,0,0,2,2,1,1,1,1966,0.764593139097453,50,0,0,1,0
305035004,0,0,1,0,2,8,0,1,0,1973,0.198317852691629,43,0,1,0,0
305035006,0,0,0,0,1,NA,1,0,0,1980,5.40298540366216,36,0,1,0,0
305035010,0,0,0,1,4,NA,0,1,0,1953,0.220662274048938,63,0,0,1,0
305035013,1,4,0,1,3,2,1,1,0,1960,0.542128579050687,56,0,0,1,0
305035018,1,1,1,0,4,10,1,0,0,1968,1.18048026984997,48,0,0,1,0
305035020,1,7,1,0,3,9,0,0,0,1941,1.8698666672707,75,0,0,0,1
305035022,1,50,1,0,4,6,0,1,0,1952,0.220662274048938,64,0,0,1,0
305035026,1,8,0,1,4,4,0,1,0,1952,0.204074615762758,64,0,0,1,0
305035031,0,0,0,1,4,NA,0,0,0,1965,0.644933510063292,51,0,0,1,0
305035038,1,1,0,1,4,9,1,1,0,1960,0.148281224208277,56,0,0,1,0
305035040,0,0,0,1,4,4,1,0,0,1929,0.190925235649378,87,0,0,0,1
305035043,1,18,0,1,4,4,0,1,0,1952,0.184181337807281,64,0,0,1,0
305035045,1,12,0,1,4,2,1,0,0,1946,0.172313764706301,70,0,0,0,1
305035046,1,1,0,1,4,5,1,1,1,1953,0.826741043538692,63,0,0,1,0
305035049,1,3,1,0,4,5,0,1,0,1965,0.223374204970815,51,0,0,1,0
305035050,0,0,0,1,4,1,1,0,0,1951,0.188664577315981,65,0,0,0,1
305035053,1,10,1,0,4,9,0,1,0,1945,2.13025164368695,71,0,0,0,1
305035057,1,28,0,1,4,2,0,1,0,1953,0.552167432321024,63,0,0,1,0
305035064,0,0,0,1,4,7,1,1,0,1952,0.177651397921737,64,0,0,1,0
305035066,1,77,1,0,4,9,1,0,0,1968,0.976303700911798,48,0,0,1,0
305035067,1,3,0,0,4,4,0,0,0,1947,0.270794003861219,69,0,0,0,1
305035068,1,11,0,1,4,2,1,1,0,1943,0.173131155567415,73,0,0,0,1
305035070,0,0,1,0,4,5,1,0,1,1952,0.178783852030678,64,0,0,1,0
305035075,0,0,0,1,4,4,1,0,0,1952,0.316814282937428,64,0,0,1,0
305035084,0,0,1,0,2,10,1,1,0,1963,0.240050695413558,53,0,0,1,0
305035088,1,14,1,0,3,10,0,0,0,1964,0.220441846779659,52,0,0,1,0
305035098,1,1,1,0,4,10,0,1,0,1952,0.797605824975148,64,0,0,1,0
305035101,1,1554,1,0,4,10,0,1,0,1945,0.497504044027158,71,0,0,0,1
305035106,1,6,0,1,4,2,1,1,0,1942,0.180664952286497,74,0,0,0,1
305035108,0,0,1,0,4,4,1,0,0,1951,0.165128215662243,65,0,0,0,1
305035110,0,0,1,0,4,10,1,0,0,1941,0.174482254792965,75,0,0,0,1
305035122,0,0,1,0,4,9,0,0,0,1952,0.865851472518265,64,0,0,1,0
305035124,1,1,0,1,4,2,1,1,0,1965,0.542128579050687,51,0,0,1,0
305035130,1,16,1,0,4,6,1,0,0,1948,0.157473652425045,68,0,0,0,1
305035136,1,2,0,1,4,1,1,1,0,1978,0.281646340277089,38,0,1,0,0
305035138,1,6,1,0,4,8,0,1,0,1945,2.3034034401364,71,0,0,0,1
305035140,0,0,0,1,4,1,1,0,0,1990,0.429967914495965,26,1,0,0,0
305035142,1,111,1,0,4,10,1,0,0,1938,0.165128215662243,78,0,0,0,1
305035143,0,0,1,0,4,9,0,0,0,1979,2.00563232390507,37,0,1,0,0
305035146,1,3,0,1,3,4,1,1,0,1957,0.384476039841675,59,0,0,1,0
305035147,1,16,0,0,4,4,1,1,0,1955,0.222005567744852,61,0,0,1,0
305035149,0,0,0,1,2,6,0,0,0,1996,3.98979710183742,20,1,0,0,0
305035153,0,0,0,1,4,2,0,0,0,1955,0.220441846779659,61,0,0,1,0
305035156,1,15,0,1,3,4,0,1,0,1968,0.822208703470755,48,0,0,1,0
305035159,1,1,0,1,4,1,0,1,1,1943,0.354190327062288,73,0,0,0,1
305035160,0,0,1,0,4,10,0,0,0,1960,0.220441846779659,56,0,0,1,0
305035163,0,0,0,1,4,4,1,0,0,1979,0.19098466004512,37,0,1,0,0
305035164,1,1,0,0,4,7,1,0,0,1948,0.190925235649378,68,0,0,0,1
305035165,0,0,0,0,2,7,0,1,0,1961,4.81883248565638,55,0,0,1,0
305035170,0,0,1,0,3,8,1,1,0,1975,1.1347421697254,41,0,1,0,0
305035172,0,0,1,0,4,4,1,1,0,1960,0.480673776461849,56,0,0,1,0
305035178,0,0,1,0,4,6,0,0,0,1936,0.270794003861219,80,0,0,0,1
305035180,1,192,1,0,4,10,1,0,0,1961,0.327576022080632,55,0,0,1,0
305035182,1,7,1,0,4,10,0,0,0,1940,0.324430376075113,76,0,0,0,1
305035184,0,0,0,1,4,4,1,0,0,1964,0.327576022080632,52,0,0,1,0
305035189,1,2,1,0,4,8,0,0,0,1949,0.300042246118665,67,0,0,0,1
305035191,1,21,0,1,4,3,1,0,0,1950,0.172313764706301,66,0,0,0,1
305035194,1,10,1,0,3,8,1,1,0,1955,0.661946072044031,61,0,0,1,0
305035200,0,0,0,1,4,NA,1,0,0,1953,0.327576022080632,63,0,0,1,0
305035203,1,2,0,1,4,1,1,1,0,1943,0.200178428274,73,0,0,0,1
305035205,0,0,1,0,3,9,0,0,0,1963,0.190656665643001,53,0,0,1,0
305035208,1,10,0,0,3,6,0,0,0,1960,6.95290916424328,56,0,0,1,0
305035213,0,0,1,0,4,9,0,0,0,1954,0.644933510063292,62,0,0,1,0
305035224,1,60,0,1,4,1,0,0,1,1953,0.296513281403674,63,0,0,1,0
305035226,0,0,1,0,2,9,0,1,0,1957,0.832313617039639,59,0,0,1,0
305035228,0,0,0,1,4,3,1,1,0,1955,0.192009103165981,61,0,0,1,0
305035230,1,29,1,0,4,8,1,1,0,1942,0.376123376592491,74,0,0,0,1
305035234,1,1,0,1,3,3,0,1,1,1951,6.29758657544304,65,0,0,0,1
305035239,1,16,1,0,4,9,0,0,0,1944,2.0718294599974,72,0,0,0,1
305035245,0,0,1,0,1,6,0,1,0,1972,4.68289751502958,44,0,1,0,0
305035254,0,0,0,1,3,5,0,1,0,1956,0.822208703470755,60,0,0,1,0
305035257,0,0,1,0,4,10,1,0,0,1947,0.174482254792965,69,0,0,0,1
305035259,1,19,0,0,4,2,1,1,0,1956,0.142097841176297,60,0,0,1,0
305035262,0,0,1,0,4,9,0,1,0,1945,2.3034034401364,71,0,0,0,1
305035265,1,9,0,1,4,5,1,0,0,1949,0.172313764706301,67,0,0,0,1
305035269,1,4,0,1,4,3,0,1,0,1939,0.476757937562201,77,0,0,0,1
305035271,1,17,1,0,4,9,1,0,0,1940,0.188664577315981,76,0,0,0,1
305035273,1,1,0,1,4,5,1,1,0,1950,0.313940871768742,66,0,0,0,1
305035279,0,0,1,0,3,8,0,1,0,1955,1.350137626719,61,0,0,1,0
305035283,1,11,0,1,4,2,1,1,0,1955,0.222005567744852,61,0,0,1,0
305035286,0,0,0,1,4,1,0,1,0,1954,0.47756087630771,62,0,0,1,0
305035291,1,89,0,1,4,2,1,0,0,1949,0.174482254792965,67,0,0,0,1
305035294,1,5,0,1,4,4,0,1,0,1951,2.3034034401364,65,0,0,0,1
305035303,0,0,0,1,3,4,0,1,1,1953,0.723423264202172,63,0,0,1,0
305035311,1,1,1,0,4,10,0,0,0,1955,0.644933510063292,61,0,0,1,0
305035312,0,0,0,1,4,4,0,0,0,1950,0.324430376075113,66,0,0,0,1
305035314,0,0,1,0,4,9,0,1,0,1954,0.220662274048938,62,0,0,1,0
305035316,1,8,0,1,4,1,0,0,0,1984,1.68867615957235,32,0,1,0,0
305035324,0,0,0,1,2,4,0,1,0,1960,1.12692645530292,56,0,0,1,0
305035325,0,0,0,1,4,6,0,0,0,1957,1.17233565661746,59,0,0,1,0
305035327,1,9,0,1,4,3,0,0,0,1958,0.220441846779659,58,0,0,1,0
305035329,1,1,0,1,3,6,0,1,0,1947,0.2037314984261,69,0,0,0,1
305035333,1,1,1,0,3,3,1,1,0,1956,0.164296959808158,60,0,0,1,0
305035335,0,0,0,1,4,NA,1,0,0,1941,0.190925235649378,75,0,0,0,1
305035338,0,0,0,1,3,2,1,1,0,1955,0.20036437317342,61,0,0,1,0
305035340,0,0,1,0,4,7,1,0,0,1939,0.188664577315981,77,0,0,0,1
305035342,1,3,1,0,4,9,1,1,0,1943,0.216449395400719,73,0,0,0,1
305035344,1,61,0,0,4,9,1,0,0,1962,0.857208665949672,54,0,0,1,0
305035349,1,1,0,0,4,5,1,1,0,1960,0.649508394848436,56,0,0,1,0
305035351,1,16,1,0,4,9,0,1,0,1956,0.922211140464208,60,0,0,1,0
305035356,1,8,0,1,4,2,1,1,0,1950,0.180664952286497,66,0,0,0,1
305035360,1,5,0,1,4,2,1,1,0,1949,0.376123376592491,67,0,0,0,1
305035363,0,0,1,0,3,4,0,1,0,1940,0.476757937562201,76,0,0,0,1
305035365,0,0,0,1,4,3,1,1,0,1962,0.222005567744852,54,0,0,1,0
305035367,1,11,0,1,4,4,1,1,0,1973,0.254191338530137,43,0,1,0,0
305035371,0,0,1,0,4,5,1,1,0,1957,0.240050695413558,59,0,0,1,0
305035373,0,0,0,1,1,9,0,1,1,1948,6.29758657544304,68,0,0,0,1
305035374,1,1,1,0,4,5,0,0,0,1946,0.300042246118665,70,0,0,0,1
305035379,1,2,0,1,2,9,0,0,0,1943,1.15211203501485,73,0,0,0,1
305035382,1,283,1,0,4,10,1,0,0,1949,0.174482254792965,67,0,0,0,1
305035384,1,2,0,1,3,3,0,0,0,1935,0.300042246118665,81,0,0,0,1
305035387,1,26,1,0,4,7,0,1,0,1970,0.223374204970815,46,0,0,1,0
305035389,1,5,0,0,4,9,0,1,0,1971,0.247500672942384,45,0,0,1,0
305035390,1,9,0,1,4,4,1,1,0,1953,0.177651397921737,63,0,0,1,0
305035391,0,0,1,0,4,NA,0,0,0,1955,0.220441846779659,61,0,0,1,0
305035394,1,32,1,0,4,8,0,0,1,1951,0.044800509796029,65,0,0,0,1
305035398,1,27,1,0,1,9,0,1,0,1958,0.822208703470755,58,0,0,1,0
305035399,1,7,0,0,3,5,1,1,1,1985,0.243397393345519,31,0,1,0,0
305035403,0,0,0,1,4,6,1,1,0,1964,0.192009103165981,52,0,0,1,0
305035408,0,0,0,1,4,7,0,0,0,1956,0.232375009055469,60,0,0,1,0
305035410,0,0,0,0,4,8,1,0,0,1980,0.769469780117344,36,0,1,0,0
305035411,0,0,0,1,4,7,1,1,0,1961,0.649508394848436,55,0,0,1,0
305035413,1,34,1,0,4,5,0,1,0,1955,0.220662274048938,61,0,0,1,0
305035414,0,0,0,1,3,6,1,1,0,1966,0.177651397921737,50,0,0,1,0
305035415,1,412,1,0,4,10,0,1,0,1950,0.912980973193812,66,0,0,0,1
305035417,0,0,0,1,4,3,1,1,1,1963,0.826741043538692,53,0,0,1,0
305035419,1,13,0,1,4,1,1,1,1,1948,0.571867677605584,68,0,0,0,1
305035427,1,20,0,1,4,4,0,1,1,1943,9.17462772514642,73,0,0,0,1
305035429,0,0,0,1,4,8,1,1,1,1947,0.826407433750667,69,0,0,0,1
305035431,0,0,1,0,2,2,1,0,1,1946,0.104523359621562,70,0,0,0,1
305035436,1,1,1,0,4,7,0,1,0,1943,0.497504044027158,73,0,0,0,1
305035442,0,0,1,0,3,6,0,0,1,1954,0.824589950312516,62,0,0,1,0
305035444,0,0,0,0,2,7,0,1,0,1945,0.2037314984261,71,0,0,0,1
305035446,1,1,0,1,4,7,0,1,0,1950,1.01159131278647,66,0,0,0,1
305035450,1,1,0,0,1,7,0,1,0,1953,0.997170601779634,63,0,0,1,0
305035453,0,0,0,1,4,8,0,0,0,1955,0.220441846779659,61,0,0,1,0
305035464,1,48,1,0,4,10,0,0,0,1949,0.259501791663904,67,0,0,0,1
305035471,0,0,0,1,4,7,0,0,0,1944,2.0718294599974,72,0,0,0,1
305035474,1,1,1,0,4,2,1,1,0,1952,0.480673776461849,64,0,0,1,0
305035476,0,0,0,1,4,3,1,0,0,1930,0.172313764706301,86,0,0,0,1
305035478,1,3,0,1,4,6,1,1,0,1932,0.216449395400719,84,0,0,0,1
305035480,1,1,0,0,2,7,0,1,0,1961,0.184181337807281,55,0,0,1,0
305035492,1,28,0,1,4,3,1,0,0,1951,0.206444081809265,65,0,0,0,1
305035495,1,5,0,1,4,1,0,1,0,1939,0.183871667690523,77,0,0,0,1
305035496,1,4,1,0,3,5,0,1,0,1963,2.09988390234995,53,0,0,1,0
305035501,1,1,0,1,2,7,1,1,0,1969,0.240050695413558,47,0,0,1,0
305035506,1,5,1,0,3,5,1,0,1,1947,0.113019260818512,69,0,0,0,1
305035508,1,1,0,1,4,3,1,0,0,1947,0.206444081809265,69,0,0,0,1
305035509,1,4,1,0,4,4,0,0,0,1942,0.300042246118665,74,0,0,0,1
305035512,0,0,1,0,2,NA,0,1,0,1963,1.24864487410483,53,0,0,1,0
305035515,0,0,1,0,4,4,0,1,0,1957,1.350137626719,59,0,0,1,0
305035519,1,3,1,0,4,5,1,0,0,1965,1.27643244526709,51,0,0,1,0
305035523,0,0,1,0,4,8,1,0,0,1961,0.262017896303204,55,0,0,1,0
305035527,1,33,0,1,4,5,1,0,0,1952,0.327576022080632,64,0,0,1,0
305035529,0,0,0,1,4,3,1,1,0,1969,0.148281224208277,47,0,0,1,0
305035532,0,0,0,0,2,NA,0,1,0,1965,0.204074615762758,51,0,0,1,0
305035534,0,0,1,0,4,6,0,1,0,1960,0.832313617039639,56,0,0,1,0
305035536,0,0,0,1,4,7,1,1,1,1962,0.244403009382833,54,0,0,1,0
305035542,0,0,0,1,4,7,0,1,0,1949,1.48099218750231,67,0,0,0,1
305035544,1,43,1,0,4,4,1,0,0,1956,0.327576022080632,60,0,0,1,0
305035550,0,0,0,0,NA,7,1,1,0,1978,0.334866589589114,38,0,1,0,0
305035553,1,31,0,0,4,9,0,0,0,1975,2.47225946677928,41,0,1,0,0
305035555,1,39,1,0,4,10,1,0,0,1942,0.157473652425045,74,0,0,0,1
305035558,0,0,1,0,4,6,0,0,0,1957,4.98824986801189,59,0,0,1,0
305035560,0,0,0,0,4,3,1,0,0,1970,0.302951427140516,46,0,0,1,0
305035562,1,10,0,1,4,4,0,0,0,1962,1.00111840829217,54,0,0,1,0
305035566,0,0,0,1,2,5,1,1,0,1964,0.148281224208277,52,0,0,1,0
305035569,1,75,1,0,4,9,0,0,0,1952,0.220441846779659,64,0,0,1,0
305035571,0,0,0,1,4,1,0,0,0,1945,0.300042246118665,71,0,0,0,1
305035573,0,0,0,1,3,8,0,1,1,1947,1.23510772613351,69,0,0,0,1
305035579,0,0,0,1,4,NA,0,1,0,1943,0.176204149728421,73,0,0,0,1
305035586,1,27,0,0,4,7,1,0,1,1967,0.214195704201031,49,0,0,1,0
305035598,1,109,1,0,4,10,1,1,0,1940,0.814012318596374,76,0,0,0,1
305035600,0,0,0,1,3,1,1,0,1,1949,0.48667674530038,67,0,0,0,1
305035602,1,2,0,0,4,1,1,1,1,1954,0.826741043538692,62,0,0,1,0
305035611,0,0,0,1,3,7,1,1,0,1990,0.890702182274645,26,1,0,0,0
305035613,1,11,0,1,4,3,0,0,0,1987,2.96603051096067,29,1,0,0,0
305035617,0,0,0,1,4,2,1,0,0,1937,0.174482254792965,79,0,0,0,1
305035625,1,8,0,1,4,3,1,0,0,1943,0.165128215662243,73,0,0,0,1
305035628,0,0,0,1,4,5,1,0,0,1956,0.262017896303204,60,0,0,1,0
305035631,1,3,0,1,4,3,0,1,0,1953,0.597048882421346,63,0,0,1,0
305035632,1,13,0,0,4,3,1,0,0,1960,0.274007660956059,56,0,0,1,0
305035638,1,4,0,1,4,3,0,1,0,1986,0.17152197318261,30,0,1,0,0
305035640,0,0,0,1,4,NA,1,1,1,1975,0.687586970889279,41,0,1,0,0
305035643,0,0,0,1,3,9,0,0,0,1951,4.65579653931999,65,0,0,0,1
305035645,0,0,0,1,4,6,1,0,0,1951,0.165128215662243,65,0,0,0,1
305035649,1,36,0,1,4,2,1,1,0,1970,0.222005567744852,46,0,0,1,0
305035651,1,3,0,1,3,8,1,0,0,1959,0.262017896303204,57,0,0,1,0
305035653,1,2,0,1,4,1,1,0,0,1951,0.206444081809265,65,0,0,0,1
305035654,0,0,0,0,3,6,0,1,1,1964,0.693256240961763,52,0,0,1,0
305035658,1,7,1,0,2,6,0,1,0,1956,0.247500672942384,60,0,0,1,0
305035663,1,23,1,0,3,9,1,0,0,1957,0.773647610627608,59,0,0,1,0
305035665,0,0,1,0,4,10,0,0,0,1956,1.22334980536811,60,0,0,1,0
305035668,1,3,0,1,4,4,1,0,0,1965,0.327576022080632,51,0,0,1,0
305035670,1,98,1,0,4,10,0,1,0,1937,0.551239055128892,79,0,0,0,1
305035676,1,11,1,0,4,10,1,0,0,1943,0.172313764706301,73,0,0,0,1
305035679,0,0,0,1,3,7,0,1,0,1981,0.198317852691629,35,0,1,0,0
305035681,0,0,1,0,4,3,0,1,0,1939,0.220291267339017,77,0,0,0,1
305035682,1,14,1,0,4,3,0,1,0,1953,0.552167432321024,63,0,0,1,0
305035684,0,0,1,0,4,7,0,1,0,1951,0.220291267339017,65,0,0,0,1
305035686,1,44,1,0,4,10,1,0,0,1935,0.190925235649378,81,0,0,0,1
305035693,1,910,1,0,4,10,0,1,0,1943,0.220291267339017,73,0,0,0,1
305035695,1,1,1,0,4,9,0,1,1,1951,1.5951911543151,65,0,0,0,1
305035700,0,0,1,0,4,6,0,1,0,1943,0.596045044576912,73,0,0,0,1
305035701,0,0,0,1,4,1,0,1,0,1938,1.18459969977692,78,0,0,0,1
305035702,0,0,0,0,1,8,0,1,0,1976,1.08184107859543,40,0,1,0,0
305035705,0,0,0,0,4,3,1,1,0,1983,0.304539208322475,33,0,1,0,0
305035707,0,0,0,1,2,3,1,1,0,1989,0.294967365798058,27,1,0,0,0
305035709,1,4,1,0,2,5,0,1,0,1959,0.597048882421346,57,0,0,1,0
305035712,0,0,0,1,4,4,1,1,0,1961,0.148281224208277,55,0,0,1,0
305035719,1,38,0,1,4,4,1,0,0,1954,0.316814282937428,62,0,0,1,0
305035724,1,8,1,0,4,9,0,1,0,1960,1.12692645530292,56,0,0,1,0
305035728,0,0,0,1,4,7,0,0,1,1966,0.891614534780696,50,0,0,1,0
305035740,0,0,0,1,4,1,0,0,1,1941,0.365714824794026,75,0,0,0,1
305035747,1,3,1,0,3,8,1,1,0,1964,0.192009103165981,52,0,0,1,0
305035749,1,79,1,0,3,10,1,0,0,1955,0.886326848276275,61,0,0,1,0
305035751,1,1,0,1,4,2,0,0,0,1941,1.33209979225852,75,0,0,0,1
305035761,0,0,0,1,4,1,1,1,0,1966,0.20036437317342,50,0,0,1,0
305035763,0,0,0,1,4,3,1,0,0,1950,0.188664577315981,66,0,0,0,1
305035766,1,4,0,1,4,1,1,1,0,1959,0.148281224208277,57,0,0,1,0
305035770,0,0,0,1,4,5,1,0,0,1940,0.206444081809265,76,0,0,0,1
305035771,0,0,0,1,4,2,1,0,0,1976,0.615475002641093,40,0,1,0,0
305035772,0,0,0,1,4,5,1,0,0,1932,0.165128215662243,84,0,0,0,1
305035774,0,0,0,1,4,1,1,1,1,1964,0.22533837079805,52,0,0,1,0
305035785,1,166,0,1,4,2,1,1,0,1970,0.148281224208277,46,0,0,1,0
305035788,1,48,0,0,4,1,1,1,0,1950,0.200178428274,66,0,0,0,1
305035794,0,0,0,1,3,7,0,1,1,1977,9.17462772514642,39,0,1,0,0
305035797,1,2,0,1,4,2,1,1,1,1950,0.242560613389434,66,0,0,0,1
305035801,0,0,0,1,4,5,0,1,0,1964,0.579183441386554,52,0,0,1,0
305035803,0,0,0,1,3,9,1,1,0,1964,0.552510000319788,52,0,0,1,0
305035805,1,14,0,1,4,1,0,0,0,1948,2.24023256579881,68,0,0,0,1
305035807,1,6,0,1,4,2,1,1,1,1954,0.305553806544263,62,0,0,1,0
305035810,0,0,0,0,1,7,0,1,0,1982,1.2026818749375,34,0,1,0,0
305035811,0,0,0,1,4,4,0,1,0,1944,1.18459969977692,72,0,0,0,1
305035813,1,22,0,1,4,3,1,1,0,1957,0.480673776461849,59,0,0,1,0
305035815,0,0,0,1,2,5,1,1,0,1964,0.519521612627581,52,0,0,1,0
305035817,1,8,0,1,4,1,0,1,0,1947,0.183871667690523,69,0,0,0,1
305035823,0,0,0,1,4,4,1,0,0,1958,0.327576022080632,58,0,0,1,0
305035824,0,0,0,0,4,9,1,0,1,1982,2.0042396179673,34,0,1,0,0
305035826,0,0,0,0,4,3,1,0,0,1940,0.172313764706301,76,0,0,0,1
305035828,0,0,0,1,4,3,1,1,0,1950,0.216449395400719,66,0,0,0,1
305035830,1,5,0,1,4,3,1,1,0,1944,0.200178428274,72,0,0,0,1
305035831,1,18,0,1,4,1,1,1,0,1940,1.69838511602002,76,0,0,0,1
305035842,1,5,1,0,4,5,1,1,0,1971,0.480673776461849,45,0,0,1,0
305035843,1,51,0,0,4,9,1,0,0,1946,0.157473652425045,70,0,0,0,1
305035846,0,0,0,1,4,9,0,0,1,1954,0.221301347000802,62,0,0,1,0
305035850,0,0,0,1,4,1,1,1,0,1946,0.216449395400719,70,0,0,0,1
305035855,0,0,1,0,4,1,1,0,0,1938,0.190925235649378,78,0,0,0,1
305035861,1,37,1,0,4,9,1,0,0,1947,0.174482254792965,69,0,0,0,1
305035862,1,9,0,0,4,9,0,0,1,1952,0.221301347000802,64,0,0,1,0
305035869,1,23,1,0,4,10,1,0,0,1941,0.188664577315981,75,0,0,0,1
305035872,1,5,0,0,4,6,0,1,0,1960,0.47756087630771,56,0,0,1,0
305035874,1,95,0,1,4,2,0,0,0,1972,0.538266485906508,44,0,1,0,0
305035879,1,129,1,0,4,10,0,1,0,1941,0.497504044027158,75,0,0,0,1
305035883,1,25,0,1,3,3,1,1,0,1948,0.200178428274,68,0,0,0,1
305035885,0,0,0,1,4,6,0,1,0,1953,0.597048882421346,63,0,0,1,0
305035889,0,0,0,1,3,7,1,1,0,1983,0.659088699340979,33,0,1,0,0
305035891,1,23,0,1,2,4,0,1,0,1956,0.552167432321024,60,0,0,1,0
305035893,0,0,1,0,4,8,1,1,0,1949,0.200178428274,67,0,0,0,1
305035895,0,0,0,0,3,8,0,1,0,1967,1.75272111212364,49,0,0,1,0
305035900,0,0,1,0,3,2,1,1,0,1955,0.661946072044031,61,0,0,1,0
305035902,1,37,1,0,4,4,1,0,0,1940,0.188664577315981,76,0,0,0,1
305035905,1,10,0,1,3,5,0,1,0,1945,2.3034034401364,71,0,0,0,1
305035907,1,1,0,1,4,8,0,1,1,1954,1.34275703786048,62,0,0,1,0
305035912,1,5,0,0,2,6,0,0,0,1967,1.82334654242936,49,0,0,1,0
305035915,1,9,1,0,4,7,0,1,0,1952,0.204074615762758,64,0,0,1,0
305035922,1,112,0,1,4,2,1,0,1,1956,1.27540723025821,60,0,0,1,0
305035924,1,12,1,0,4,10,1,1,0,1947,0.216449395400719,69,0,0,0,1
305035926,1,1,0,1,4,4,1,0,0,1955,0.273419596713742,61,0,0,1,0
305035929,0,0,0,1,4,6,1,0,0,1960,0.316814282937428,56,0,0,1,0
305035930,0,0,0,1,4,2,1,1,0,1957,0.164296959808158,59,0,0,1,0
305035933,0,0,0,1,4,2,1,1,0,1937,0.376123376592491,79,0,0,0,1
305035937,1,8,0,1,4,6,0,1,0,1948,0.596045044576912,68,0,0,0,1
305035940,0,0,0,1,4,5,1,1,1,1964,1.3863748613389,52,0,0,1,0
305035947,0,0,1,0,4,6,0,1,0,1965,0.267618101918169,51,0,0,1,0
305035950,1,1,0,0,3,4,1,0,0,1976,2.11450386938342,40,0,1,0,0
305035954,0,0,0,1,3,3,0,1,1,1953,5.22863516970021,63,0,0,1,0
305035955,1,39,1,0,4,9,1,0,0,1930,0.190925235649378,86,0,0,0,1
305035959,1,3,0,1,4,1,1,1,0,1966,0.177651397921737,50,0,0,1,0
305035962,1,8,1,0,4,9,1,0,0,1959,0.34256568296288,57,0,0,1,0
305035966,1,1,1,0,4,6,0,1,0,1934,0.220291267339017,82,0,0,0,1
305035968,1,424,1,0,4,10,1,1,0,1964,0.649508394848436,52,0,0,1,0
305035971,0,0,0,1,4,6,1,0,0,1953,0.34256568296288,63,0,0,1,0
305035977,1,1,0,1,4,1,0,1,0,1955,0.204074615762758,61,0,0,1,0
305035979,1,65,1,0,3,5,0,1,0,1949,1.01159131278647,67,0,0,0,1
305035987,1,234,0,1,4,1,0,0,0,1953,0.238359871579992,63,0,0,1,0
305035989,1,1,0,1,3,2,0,0,1,1988,0.512829014430061,28,1,0,0,0
305035991,1,2,1,0,4,8,1,0,1,1952,2.02187902089436,64,0,0,1,0
305035995,0,0,1,0,3,4,0,1,0,1962,0.686277251581518,54,0,0,1,0
305035997,1,15,1,0,4,10,0,0,0,1960,0.515862304233703,56,0,0,1,0
305036000,0,0,0,1,4,2,1,0,0,1960,0.273419596713742,56,0,0,1,0
305036001,0,0,0,0,4,5,0,0,0,1954,1.20252938427334,62,0,0,1,0
305036004,1,1,0,1,4,5,1,1,0,1983,0.243591463745344,33,0,1,0,0
305036006,1,4,0,1,4,2,1,0,0,1971,0.81969975058846,45,0,0,1,0
305036007,1,75,1,0,4,9,1,0,1,1955,0.747262805003517,61,0,0,1,0
305036009,0,0,0,0,1,5,0,1,0,1965,6.42648251170755,51,0,0,1,0
305036011,0,0,1,0,4,8,0,1,0,1952,0.267618101918169,64,0,0,1,0
305036013,0,0,0,0,2,1,0,1,0,1949,0.497504044027158,67,0,0,0,1
305036015,0,0,1,0,3,7,0,1,1,1952,4.02956691773897,64,0,0,1,0
305036017,1,3,1,0,4,10,0,1,0,1968,0.822208703470755,48,0,0,1,0
305036021,1,12,1,0,2,9,1,1,0,1982,0.837943077222667,34,0,1,0,0
305036032,1,1,1,0,4,7,0,0,0,1935,1.15211203501485,81,0,0,0,1
305036034,0,0,1,0,4,7,0,1,0,1955,0.797605824975148,61,0,0,1,0
305036042,0,0,1,0,4,7,0,0,0,1954,0.888151641760821,62,0,0,1,0
305036045,1,55,1,0,4,9,0,1,0,1934,0.734569532305845,82,0,0,0,1
305036048,1,14,1,0,4,7,1,1,0,1959,0.384476039841675,57,0,0,1,0
305036050,1,1,1,0,4,10,1,0,0,1964,0.739795079850535,52,0,0,1,0
305036052,1,191,1,0,4,9,0,0,0,1943,0.259501791663904,73,0,0,0,1
305036054,0,0,0,1,4,8,0,0,0,1964,0.220441846779659,52,0,0,1,0
305036060,0,0,1,0,4,6,1,0,0,1952,0.273419596713742,64,0,0,1,0
305036061,0,0,0,1,4,5,1,0,0,1948,0.190925235649378,68,0,0,0,1
305036065,0,0,0,1,3,7,1,1,0,1993,0.890702182274645,23,1,0,0,0
305036067,1,1,0,0,4,5,1,0,0,1955,0.316814282937428,61,0,0,1,0
305036069,1,24,1,0,4,10,0,0,0,1953,0.596452469394491,63,0,0,1,0
305036073,1,7,1,0,4,6,1,0,0,1947,0.157473652425045,69,0,0,0,1
305036075,0,0,0,1,4,2,1,0,0,1954,0.327576022080632,62,0,0,1,0
305036077,1,20,1,0,4,4,1,0,0,1950,0.190925235649378,66,0,0,0,1
305036080,1,3,0,0,4,6,1,0,1,1950,0.090400600060161,66,0,0,0,1
305036084,0,0,1,0,4,9,0,0,0,1948,0.300042246118665,68,0,0,0,1
305036090,1,2,0,1,4,7,1,0,0,1970,0.302951427140516,46,0,0,1,0
305036092,1,10,1,0,4,7,1,0,0,1967,0.302951427140516,49,0,0,1,0
305036094,1,5,1,0,4,7,0,0,0,1953,0.190656665643001,63,0,0,1,0
305036096,1,79,1,0,4,10,0,0,1,1963,0.239289233973419,53,0,0,1,0
305036102,1,106,0,1,3,1,0,1,0,1982,0.902985968078923,34,0,1,0,0
305036110,1,11,1,0,4,7,1,0,0,1942,0.188664577315981,74,0,0,0,1
305036113,1,4,0,1,3,3,1,1,0,1952,0.222005567744852,64,0,0,1,0
305036117,1,6,1,0,4,7,0,0,0,1945,0.300042246118665,71,0,0,0,1
305036119,0,0,1,0,3,NA,0,1,0,1960,1.07993319665392,56,0,0,1,0
305036122,1,18,1,0,4,10,0,1,0,1954,0.822208703470755,62,0,0,1,0
305036128,1,27,1,0,4,10,0,0,0,1960,0.232375009055469,56,0,0,1,0
305036130,0,0,1,0,4,9,1,0,0,1955,0.327576022080632,61,0,0,1,0
305036132,0,0,1,0,4,7,1,0,0,1959,0.285931095593509,57,0,0,1,0
305036133,1,19,0,1,4,2,1,0,0,1939,0.188664577315981,77,0,0,0,1
305036135,1,2,1,0,4,10,0,1,0,1945,0.596045044576912,71,0,0,0,1
305036137,1,2,1,0,4,8,0,0,0,1937,0.300042246118665,79,0,0,0,1
305036139,1,22,1,0,4,10,1,0,0,1946,0.157473652425045,70,0,0,0,1
305036141,0,0,0,1,3,5,0,0,0,1967,5.20531340210792,49,0,0,1,0
305036142,1,1,0,1,4,4,0,1,0,1932,0.183871667690523,84,0,0,0,1
305036147,1,6,1,0,4,9,0,0,0,1971,1.08249163542621,45,0,0,1,0
305036149,1,6,0,1,3,9,0,1,1,1955,1.17350112871782,61,0,0,1,0
305036151,1,3,0,1,4,6,1,1,0,1959,0.222005567744852,57,0,0,1,0
305036153,1,5,1,0,2,7,0,1,0,1982,1.08184107859543,34,0,1,0,0
305036157,0,0,1,0,4,9,1,0,0,1948,0.188664577315981,68,0,0,0,1
305036160,0,0,0,0,2,4,1,1,0,1953,4.23275133721452,63,0,0,1,0
305036164,0,0,0,1,4,2,1,0,0,1946,0.206444081809265,70,0,0,0,1
305036166,0,0,1,0,2,7,0,1,0,1944,0.497504044027158,72,0,0,0,1
305036168,0,0,0,0,NA,7,0,1,1,1978,9.17462772514642,38,0,1,0,0
305036171,1,1,1,0,4,9,1,0,0,1943,0.188664577315981,73,0,0,0,1
305036178,0,0,0,1,3,3,1,1,1,1967,0.981903588191157,49,0,0,1,0
305036180,1,3,0,1,4,3,1,1,0,1985,0.267849395047513,31,0,1,0,0
305036181,0,0,1,0,4,4,0,0,0,1936,1.33209979225852,80,0,0,0,1
305036185,0,0,0,0,3,8,1,0,0,1968,1.02097870887422,48,0,0,1,0
305036186,1,616,1,0,4,5,1,0,0,1963,0.302951427140516,53,0,0,1,0
305036188,1,107,0,1,4,9,0,0,0,1954,1.46565962232458,62,0,0,1,0
305036190,1,28,1,0,3,10,1,0,0,1947,0.190925235649378,69,0,0,0,1
305036192,1,26,0,0,4,3,1,1,0,1960,0.600683450239364,56,0,0,1,0
305036194,0,0,0,1,4,NA,1,1,0,1985,0.334866589589114,31,0,1,0,0
305036197,1,2,0,0,4,1,1,0,0,1955,0.316814282937428,61,0,0,1,0
305036199,0,0,0,1,4,2,1,1,0,1949,0.376123376592491,67,0,0,0,1
305036200,1,4,1,0,4,4,1,0,0,1982,1.68864754072695,34,0,1,0,0
305036203,1,41,1,0,4,9,0,1,0,1958,1.12692645530292,58,0,0,1,0
305036207,1,75,1,0,4,9,1,0,0,1948,0.165128215662243,68,0,0,0,1
305036212,1,7,1,0,4,10,1,0,0,1944,0.174482254792965,72,0,0,0,1
305036214,0,0,0,1,4,NA,1,0,0,1970,0.302951427140516,46,0,0,1,0
305036220,1,4,1,0,4,9,0,0,0,1961,0.74131818980059,55,0,0,1,0
305036226,0,0,0,1,4,1,0,0,0,1951,0.300042246118665,65,0,0,0,1
305036233,1,247,1,0,4,10,1,0,0,1971,0.34256568296288,45,0,0,1,0
305036235,0,0,0,1,4,7,0,1,1,1974,0.131128760651348,42,0,1,0,0
305036239,0,0,0,1,4,8,1,1,0,1988,1.27077890581339,28,1,0,0,0
305036241,1,24,0,1,4,1,1,0,0,1955,0.302951427140516,61,0,0,1,0
305036248,1,32,1,0,4,9,1,0,1,1940,0.104523359621562,76,0,0,0,1
305036251,1,2,0,1,4,3,0,0,0,1980,0.453202599206877,36,0,1,0,0
305036252,0,0,1,0,4,9,0,0,1,1970,0.239289233973419,46,0,0,1,0
305036258,0,0,0,1,4,1,0,1,0,1955,0.220662274048938,61,0,0,1,0
305036262,1,23,1,0,4,10,0,0,0,1949,0.324430376075113,67,0,0,0,1
305036265,1,64,0,1,4,2,1,1,0,1954,0.222005567744852,62,0,0,1,0
305036269,0,0,1,0,3,5,1,1,1,1991,5.18854658862132,25,1,0,0,0
305036276,1,4,0,1,4,3,1,1,0,1956,0.384476039841675,60,0,0,1,0
305036279,0,0,0,1,3,3,0,1,0,1970,1.12692645530292,46,0,0,1,0
305036282,1,91,1,0,4,9,1,1,0,1956,0.600683450239364,60,0,0,1,0
305036286,1,70,1,0,2,10,0,1,0,1945,1.84242094365974,71,0,0,0,1
305036289,1,8,1,0,4,7,0,1,0,1958,0.822208703470755,58,0,0,1,0
305036290,1,5,1,0,4,10,0,0,0,1947,0.228366375327991,69,0,0,0,1
305036294,1,16,0,1,4,2,1,0,0,1942,0.188664577315981,74,0,0,0,1
305036296,1,44,0,1,4,2,0,1,0,1943,0.497504044027158,73,0,0,0,1
305036298,1,1,0,0,4,6,0,1,1,1963,1.33217892077446,53,0,0,1,0
305036299,0,0,0,0,4,8,1,0,0,1964,0.262017896303204,52,0,0,1,0
305036301,0,0,0,1,4,6,0,0,1,1955,1.22416933254131,61,0,0,1,0
305036303,0,0,0,1,4,NA,1,0,0,1949,0.188664577315981,67,0,0,0,1
305036305,1,1,1,0,4,9,0,0,0,1947,0.324430376075113,69,0,0,0,1
305036307,1,86,0,1,4,1,1,0,0,1942,0.190925235649378,74,0,0,0,1
305036309,0,0,0,1,3,4,1,1,0,1950,0.347849372478055,66,0,0,0,1
305036311,0,0,0,0,2,4,1,0,1,1977,1.8330956235163,39,0,1,0,0
305036313,1,3,1,0,4,10,0,1,1,1958,0.492357726064212,58,0,0,1,0
305036317,1,772,1,0,4,10,0,0,0,1957,0.238359871579992,59,0,0,1,0
305036320,0,0,0,1,4,1,1,1,0,1989,0.997784881722796,27,1,0,0,0
305036322,1,159,1,0,4,10,0,0,0,1948,0.324430376075113,68,0,0,0,1
305036323,0,0,0,0,4,3,1,0,0,1961,0.92688457531047,55,0,0,1,0
305036325,0,0,1,0,4,5,1,0,0,1948,0.188664577315981,68,0,0,0,1
305036326,1,235,1,0,4,10,0,0,0,1956,0.220441846779659,60,0,0,1,0
305036329,1,574,1,0,3,10,0,0,0,1943,0.300042246118665,73,0,0,0,1
305036333,1,7,0,1,4,4,1,0,0,1960,0.302951427140516,56,0,0,1,0
305036335,1,1,0,1,4,1,1,1,0,1957,0.192009103165981,59,0,0,1,0
305036337,1,81,1,0,4,9,1,1,0,1946,0.84943403870813206,70,0,0,0,1
305036342,1,2,1,0,4,8,0,0,0,1942,0.324430376075113,74,0,0,0,1
305036344,0,0,1,0,4,8,1,1,0,1968,0.649508394848436,48,0,0,1,0
305036346,0,0,1,0,3,8,0,0,0,1980,6.95290916424328,36,0,1,0,0
305036347,1,17,1,0,4,8,0,0,0,1952,1.46565962232458,64,0,0,1,0
305036350,0,0,0,0,3,6,0,0,0,1964,6.23633374651895,52,0,0,1,0
305036352,0,0,1,0,4,6,1,0,0,1958,0.327576022080632,58,0,0,1,0
305036354,0,0,1,0,4,4,0,0,0,1947,0.324430376075113,69,0,0,0,1
305036363,0,0,1,0,4,6,0,0,0,1955,0.515862304233703,61,0,0,1,0
305036365,0,0,1,0,3,4,0,1,0,1959,0.686277251581518,57,0,0,1,0
305036368,1,3,1,0,4,5,1,0,0,1934,0.206444081809265,82,0,0,0,1
305036370,0,0,1,0,3,8,0,0,0,1936,0.300042246118665,80,0,0,0,1
305036374,1,1,0,0,4,9,0,0,0,1955,0.238359871579992,61,0,0,1,0
305036375,0,0,1,0,4,NA,0,0,0,1955,0.596452469394491,61,0,0,1,0
305036376,1,35,1,0,4,10,1,0,0,1951,0.157473652425045,65,0,0,0,1
305036377,1,610,1,0,4,10,0,1,0,1948,2.13025164368695,68,0,0,0,1
305036379,1,11,1,0,4,9,1,0,1,1959,0.261919402058379,57,0,0,1,0
305036383,1,6,1,0,3,8,1,1,0,1969,0.177651397921737,47,0,0,1,0
305036389,1,32,0,1,4,1,0,0,0,1943,0.300042246118665,73,0,0,0,1
305036390,1,14,1,0,4,5,1,1,0,1952,0.649508394848436,64,0,0,1,0
305036393,0,0,0,1,3,NA,0,1,0,1957,0.686277251581518,59,0,0,1,0
305036399,1,364,1,0,4,10,0,0,0,1940,0.264042724915488,76,0,0,0,1
305036407,0,0,1,0,4,3,1,1,1,1964,0.22533837079805,52,0,0,1,0
305036412,1,6,0,1,4,3,0,1,0,1955,0.204074615762758,61,0,0,1,0
305036413,1,149,1,0,4,9,1,1,0,1953,0.20036437317342,63,0,0,1,0
305036420,1,1,1,0,4,4,0,0,0,1939,0.270794003861219,77,0,0,0,1
305036423,1,5,1,0,4,4,1,1,0,1952,0.192009103165981,64,0,0,1,0
305036425,1,2,1,0,4,6,1,0,0,1942,0.174482254792965,74,0,0,0,1
305036430,0,0,1,0,4,3,0,0,0,1956,0.710404941406628,60,0,0,1,0
305036432,1,15,1,0,4,10,1,1,0,1937,0.200178428274,79,0,0,0,1
305036433,1,35,0,0,3,10,0,0,0,1966,1.82334654242936,50,0,0,1,0
305036435,0,0,0,0,2,4,0,1,1,1963,6.62262151762328,53,0,0,1,0
305036439,0,0,0,1,3,4,1,1,1,1979,1.17673804406915,37,0,1,0,0
305036440,1,61,1,0,4,10,0,0,0,1943,0.259501791663904,73,0,0,0,1
305036443,0,0,0,1,4,3,0,0,0,1990,4.61309988003275,26,1,0,0,0
305036448,1,8,1,0,4,9,0,0,0,1957,0.821387370417496,59,0,0,1,0
305036453,0,0,0,1,4,3,1,0,1,1989,1.05701105117202,27,1,0,0,0
305036456,0,0,0,1,1,8,0,1,0,1945,1.36966281578858,71,0,0,0,1
305036459,0,0,0,1,4,8,1,0,0,1945,0.165128215662243,71,0,0,0,1
305036461,0,0,0,1,3,8,1,1,0,1958,0.542128579050687,58,0,0,1,0
305036468,0,0,0,0,4,7,0,0,0,1944,0.300042246118665,72,0,0,0,1
305036470,1,371,1,0,4,10,1,0,0,1937,0.206444081809265,79,0,0,0,1
305036471,1,142,1,0,4,10,0,0,0,1954,0.238359871579992,62,0,0,1,0
305036474,1,32,1,0,4,9,0,0,0,1959,1.82334654242936,57,0,0,1,0
305036476,0,0,1,0,3,4,0,0,0,1979,3.5560854656561,37,0,1,0,0
305036477,0,0,0,1,4,8,1,1,0,1955,0.444540493663773,61,0,0,1,0
305036483,0,0,0,0,4,9,1,0,0,1943,0.206444081809265,73,0,0,0,1
305036485,1,28,1,0,4,9,0,1,0,1947,0.794277048322897,69,0,0,0,1
305036489,1,131,1,0,3,8,1,0,0,1946,0.51047228405713,70,0,0,0,1
305036493,1,51,1,0,4,10,1,0,0,1958,0.327576022080632,58,0,0,1,0
305036495,1,39,1,0,4,10,0,0,0,1942,0.300042246118665,74,0,0,0,1
305036496,1,1,1,0,4,3,1,1,0,1963,0.164296959808158,53,0,0,1,0
305036498,0,0,0,1,1,9,0,1,0,1948,0.820826297043295,68,0,0,0,1
305036500,1,102,1,0,4,10,1,1,0,1947,0.585650040006905,69,0,0,0,1
305036502,1,1,0,1,4,5,0,1,1,1956,2.39453385871586,60,0,0,1,0
305036504,1,3,0,1,4,4,1,0,1,1994,1.67766066612705,22,1,0,0,0
305036506,0,0,0,0,3,4,0,1,0,1958,0.247500672942384,58,0,0,1,0
305036514,0,0,0,1,3,5,0,1,1,1980,5.70837094464944,36,0,1,0,0
305036516,1,2,1,0,4,9,0,0,0,1946,0.811828340374167,70,0,0,0,1
305036521,0,0,1,0,3,NA,0,1,0,1959,0.657659231091596,57,0,0,1,0
305036523,0,0,0,1,2,6,1,1,1,1987,0.876998325972015,29,1,0,0,0
305036530,0,0,0,1,3,3,1,1,0,1994,0.770354225543977,22,1,0,0,0
305036533,1,223,1,0,4,8,1,0,0,1953,0.302951427140516,63,0,0,1,0
305036535,1,118,1,0,4,10,1,0,0,1949,0.188664577315981,67,0,0,0,1
305036537,0,0,1,0,3,5,1,1,0,1951,1.12099366197293,65,0,0,0,1
305036541,0,0,0,1,4,3,0,0,0,1969,0.821387370417496,47,0,0,1,0
305036543,1,5,0,0,1,5,0,1,0,1958,6.42648251170755,58,0,0,1,0
305036546,1,161,1,0,4,10,1,1,0,1955,0.177651397921737,61,0,0,1,0
305036550,1,31,1,0,4,9,1,0,0,1946,0.190925235649378,70,0,0,0,1
305036551,1,23,1,0,4,9,1,0,0,1940,0.188664577315981,76,0,0,0,1
305036553,0,0,0,1,4,7,0,0,1,1953,0.961188171357455,63,0,0,1,0
305036555,1,119,1,0,4,9,0,0,1,1954,1.60677200441026,62,0,0,1,0
305036558,0,0,1,0,3,4,0,0,0,1964,1.82334654242936,52,0,0,1,0
305036565,0,0,0,1,2,3,0,1,0,1980,3.15600900898606,36,0,1,0,0
305036570,1,1,0,0,3,3,0,1,0,1974,0.73895125589309,42,0,1,0,0
305036571,1,128,1,0,4,10,0,0,0,1945,0.324430376075113,71,0,0,0,1
305036574,1,3,0,1,4,2,1,1,0,1957,0.240050695413558,59,0,0,1,0
305036576,0,0,1,0,2,8,0,1,0,1975,0.799014928570283,41,0,1,0,0
305036581,0,0,0,1,4,1,0,1,1,1954,1.32374703137501,62,0,0,1,0
305036583,0,0,0,1,4,7,0,1,1,1957,0.525315591511338,59,0,0,1,0
305036587,0,0,1,0,4,NA,0,1,0,1992,2.72435439292069,24,1,0,0,0
305036589,1,30,1,0,4,9,0,0,0,1951,0.887942456134541,65,0,0,0,1
305036591,1,1,1,0,4,4,0,0,0,1969,0.710404941406628,47,0,0,1,0
305036594,1,142,1,0,4,10,1,1,1,1950,0.924790052307156,66,0,0,0,1
305036595,1,41,1,0,4,9,1,1,0,1955,4.29858712420992,61,0,0,1,0
305036598,0,0,0,1,4,7,1,0,1,1946,0.109598007524953,70,0,0,0,1
305036604,0,0,0,1,3,NA,0,1,1,1957,0.938647142434603,59,0,0,1,0
305036607,1,45,1,0,4,10,1,0,0,1948,0.188664577315981,68,0,0,0,1
305036609,1,1,0,0,3,5,1,0,0,1983,1.82880094281204,33,0,1,0,0
305036613,1,85,1,0,4,10,1,0,0,1932,0.190925235649378,84,0,0,0,1
305036623,1,20,1,0,4,9,1,0,0,1946,0.150906941665891,70,0,0,0,1
305036626,0,0,0,1,4,4,1,1,0,1936,0.180664952286497,80,0,0,0,1
305036631,0,0,0,0,4,7,1,1,0,1971,0.649508394848436,45,0,0,1,0
305036632,0,0,1,0,4,7,0,1,0,1948,0.497504044027158,68,0,0,0,1
305036635,1,12,0,1,4,1,1,0,0,1955,0.327576022080632,61,0,0,1,0
305036637,0,0,0,1,4,NA,1,1,0,1951,0.347849372478055,65,0,0,0,1
305036638,1,16,1,0,4,9,1,1,1,1942,0.262276502862272,74,0,0,0,1
305036652,1,171,0,1,4,2,0,1,0,1959,0.498341922626598,57,0,0,1,0
305036653,0,0,0,0,4,1,0,0,0,1990,3.98979710183742,26,1,0,0,0
305036655,1,296,1,0,4,9,0,1,0,1975,0.73895125589309,41,0,1,0,0
305036657,1,153,1,0,4,10,1,0,1,1945,0.114367161330941,71,0,0,0,1
305036659,1,7,1,0,4,9,0,0,1,1943,0.12121734184473,73,0,0,0,1
305036666,0,0,0,1,4,4,1,1,1,1971,0.37668356987644,45,0,0,1,0
305036668,0,0,1,0,4,NA,1,0,0,1955,0.285931095593509,61,0,0,1,0
305036675,1,9,1,0,4,7,0,1,0,1976,2.24249519055595,40,0,1,0,0
305036677,1,110,1,0,4,5,0,0,0,1940,0.259501791663904,76,0,0,0,1
305036680,1,3,1,0,4,10,0,0,0,1953,0.538310035968624,63,0,0,1,0
305036682,0,0,0,1,4,2,1,0,0,1966,0.285931095593509,50,0,0,1,0
305036684,0,0,0,1,3,1,1,0,0,1957,0.81969975058846,59,0,0,1,0
305036687,0,0,0,1,4,3,0,1,1,1980,0.210863212108243,36,0,1,0,0
305036689,0,0,0,0,2,6,1,1,0,1985,0.304539208322475,31,0,1,0,0
305036691,0,0,1,0,3,9,0,1,0,1962,1.12692645530292,54,0,0,1,0
305036698,1,35,0,1,4,3,0,0,0,1949,2.0718294599974,67,0,0,0,1
305036702,0,0,0,0,4,4,1,0,0,1962,0.92688457531047,54,0,0,1,0
305036704,1,20,0,1,4,1,1,1,0,1941,0.376123376592491,75,0,0,0,1
305036708,1,1,1,0,4,9,1,1,0,1959,0.192009103165981,57,0,0,1,0
305036712,1,4,0,1,3,5,1,0,0,1948,0.157473652425045,68,0,0,0,1
305036714,1,8,0,1,4,4,1,1,1,1962,2.66557132723827,54,0,0,1,0
305036718,1,63,1,0,4,10,0,1,0,1933,0.220291267339017,83,0,0,0,1
305036720,1,314,1,0,4,10,1,0,0,1952,0.302951427140516,64,0,0,1,0
305036722,1,16,1,0,4,10,0,1,0,1958,0.47756087630771,58,0,0,1,0
305036723,0,0,0,0,4,3,1,1,0,1948,0.347849372478055,68,0,0,0,1
305036725,1,13,0,1,4,1,0,0,0,1942,0.85091492047753,74,0,0,0,1
305036728,1,3,1,0,4,6,1,0,1,1970,4.07638338146132,46,0,0,1,0
305036730,1,158,1,0,4,9,0,0,0,1957,0.821387370417496,59,0,0,1,0
305036743,1,24,0,1,4,1,0,1,0,1954,0.204074615762758,62,0,0,1,0
305036744,1,59,1,0,4,5,0,0,0,1949,2.24023256579881,67,0,0,0,1
305036752,0,0,0,1,4,1,0,0,0,1954,0.596452469394491,62,0,0,1,0
305036756,1,4,1,0,4,10,0,0,0,1936,1.44037595426176,80,0,0,0,1
305036758,1,2,0,1,4,3,1,1,0,1949,0.180664952286497,67,0,0,0,1
305036761,1,2,0,1,4,6,1,1,0,1946,0.180664952286497,70,0,0,0,1
305036763,1,22,1,0,4,10,0,1,0,1947,1.01159131278647,69,0,0,0,1
305036766,0,0,1,0,4,7,0,0,0,1958,0.710404941406628,58,0,0,1,0
305036768,0,0,0,0,3,8,0,1,1,1978,3.43079021551986,38,0,1,0,0
305036770,1,12,0,1,4,1,1,0,0,1948,0.188664577315981,68,0,0,0,1
305036772,0,0,1,0,4,4,1,0,0,1937,0.188664577315981,79,0,0,0,1
305036773,1,2,0,0,4,9,1,0,0,1942,0.165128215662243,74,0,0,0,1
305036779,0,0,0,1,4,3,1,0,0,1952,0.327576022080632,64,0,0,1,0
305036781,1,66,1,0,4,6,0,0,0,1940,0.300042246118665,76,0,0,0,1
305036784,0,0,0,1,3,7,0,0,1,1952,9.17462772514642,64,0,0,1,0
305036786,0,0,1,0,4,9,1,0,1,1945,0.137019951077854,71,0,0,0,1
305036790,1,15,0,1,3,5,1,1,1,1986,1.26867469731118,30,0,1,0,0
305036795,0,0,0,1,3,7,0,1,0,1961,5.60054824967844,55,0,0,1,0
305036796,1,80,1,0,4,5,0,0,0,1953,1.46565962232458,63,0,0,1,0
305036797,1,33,1,0,4,10,1,0,0,1935,0.206444081809265,81,0,0,0,1
305036799,0,0,1,0,4,6,0,0,0,1953,1.17233565661746,63,0,0,1,0
305036806,0,0,1,0,4,4,0,0,0,1967,0.220441846779659,49,0,0,1,0
305036812,1,8,1,0,4,8,0,0,0,1943,0.772493988206486,73,0,0,0,1
305036820,1,2,0,1,4,8,1,1,1,1977,0.901059228648067,39,0,1,0,0
305036821,1,21,0,1,4,1,0,1,0,1949,0.176204149728421,67,0,0,0,1
305036827,1,999,1,0,4,10,1,0,0,1939,0.172313764706301,77,0,0,0,1
305036836,1,92,0,1,4,2,0,0,0,1949,0.300042246118665,67,0,0,0,1
305036839,0,0,0,1,4,5,0,0,0,1968,0.198953084374713,48,0,0,1,0
305036841,0,0,0,1,3,8,1,0,1,1962,0.548513723458001,54,0,0,1,0
305036845,1,1,0,1,3,5,1,1,0,1980,0.304539208322475,36,0,1,0,0
305036846,0,0,0,1,4,1,1,1,0,1982,0.30969394699081,34,0,1,0,0
305036849,1,48,1,0,4,9,0,0,0,1946,4.20194756690044,70,0,0,0,1
305036851,0,0,0,1,4,5,0,1,1,1976,0.131128760651348,40,0,1,0,0
305036853,1,24,0,1,4,5,1,1,0,1949,0.300849418889898,67,0,0,0,1
305036855,1,7,1,0,4,5,1,0,0,1950,0.172313764706301,66,0,0,0,1
305036857,0,0,1,0,3,4,0,0,0,1965,1.20252938427334,51,0,0,1,0
305036859,0,0,0,1,3,4,1,1,0,1982,0.837943077222667,34,0,1,0,0
305036863,0,0,0,1,4,8,0,0,1,1969,9.17462772514642,47,0,0,1,0
305036869,1,78,1,0,4,9,0,1,0,1944,0.497504044027158,72,0,0,0,1
305036871,1,2,1,0,4,8,0,1,0,1955,0.220662274048938,61,0,0,1,0
305036875,0,0,0,1,4,4,1,0,0,1954,0.327576022080632,62,0,0,1,0
305036876,1,3,0,1,3,4,1,1,0,1973,0.823995831485405,43,0,1,0,0
305036877,0,0,0,1,4,6,0,1,0,1961,0.47756087630771,55,0,0,1,0
305036879,0,0,0,0,3,6,1,1,0,1956,0.384476039841675,60,0,0,1,0
305036881,0,0,1,0,4,4,1,1,0,1942,1.01768207825723,74,0,0,0,1
305036885,0,0,1,0,3,NA,1,1,0,1939,0.173131155567415,77,0,0,0,1
305036888,1,6,1,0,4,9,0,0,0,1963,0.786053976847331,53,0,0,1,0
305036894,0,0,0,1,4,3,1,0,1,1954,0.198094151894602,62,0,0,1,0
305036895,0,0,0,1,4,8,1,1,0,1950,0.173131155567415,66,0,0,0,1
305036897,1,3,0,1,4,7,1,1,0,1965,0.148281224208277,51,0,0,1,0
305036899,0,0,0,1,4,NA,1,1,0,1952,0.240050695413558,64,0,0,1,0
305036901,1,1,0,0,2,8,1,1,0,1949,0.347849372478055,67,0,0,0,1
305036904,1,3,0,1,4,1,0,0,0,1943,0.324430376075113,73,0,0,0,1
305036906,1,148,0,0,4,4,0,1,0,1958,0.184181337807281,58,0,0,1,0
305036911,1,1,0,1,4,2,0,1,0,1958,0.724097897362051,58,0,0,1,0
305036914,1,26,0,1,4,1,0,1,0,1955,0.184181337807281,61,0,0,1,0
305036916,0,0,0,1,3,4,1,0,1,1949,0.166348807814624,67,0,0,0,1
305036919,1,3,0,1,4,7,0,0,1,1967,0.239289233973419,49,0,0,1,0
305036922,0,0,0,1,3,1,0,1,0,1968,0.997170601779634,48,0,0,1,0
305036925,1,47,1,0,4,9,1,0,0,1944,0.206444081809265,72,0,0,0,1
305036927,1,6,0,1,4,1,1,1,0,1956,0.192009103165981,60,0,0,1,0
305036929,1,2,1,0,3,6,0,1,0,1950,1.92259383232915,66,0,0,0,1
305036932,1,5,1,0,4,5,0,1,0,1964,0.267618101918169,52,0,0,1,0
305036934,1,14,0,0,NA,4,1,1,1,1992,1.86686897393069,24,1,0,0,0
305036947,0,0,1,0,3,10,0,1,0,1980,0.865331112294263,36,0,1,0,0
305036950,0,0,1,0,4,5,0,1,1,1980,0.572161279320816,36,0,1,0,0
305036955,0,0,0,1,2,8,0,1,1,1979,7.09601982350639,37,0,1,0,0
305036958,0,0,1,0,4,6,0,1,0,1971,0.822208703470755,45,0,0,1,0
305036960,1,111,0,0,4,3,1,1,0,1951,0.376123376592491,65,0,0,0,1
305036962,1,68,0,1,4,2,1,0,1,1954,0.451719034776048,62,0,0,1,0
305036966,1,22,0,1,4,5,0,1,0,1954,0.498341922626598,62,0,0,1,0
305036972,1,62,0,1,4,2,1,1,0,1961,0.240050695413558,55,0,0,1,0
305036977,1,31,0,1,4,2,0,0,0,1936,0.259501791663904,80,0,0,0,1
305036981,0,0,0,1,4,1,1,0,0,1955,0.262017896303204,61,0,0,1,0
305036985,1,106,1,0,4,3,1,1,1,1984,1.86044298268087,32,0,1,0,0
305036988,0,0,0,1,4,7,0,1,1,1957,1.17350112871782,59,0,0,1,0
305036991,0,0,0,1,4,7,0,1,1,1951,1.11732163183319,65,0,0,0,1
305036993,0,0,0,1,3,5,1,0,0,1992,3.73817140350365,24,1,0,0,0
305036995,1,69,0,1,4,2,1,1,0,1943,0.216449395400719,73,0,0,0,1
305037002,1,18,1,0,4,5,1,1,1,1983,0.34048367835964,33,0,1,0,0
305037009,0,0,0,0,4,1,0,0,0,1965,0.821387370417496,51,0,0,1,0
305037011,1,28,1,0,4,10,0,1,0,1941,0.176204149728421,75,0,0,0,1
305037012,1,230,1,0,4,10,1,1,0,1964,0.192009103165981,52,0,0,1,0
305037018,1,13,0,0,3,6,0,1,0,1960,0.760401504791784,56,0,0,1,0
305037020,1,1,0,1,3,4,0,1,0,1959,0.498341922626598,57,0,0,1,0
305037022,1,20,0,1,4,1,1,0,0,1943,0.206444081809265,73,0,0,0,1
305037026,1,4,0,0,4,3,1,0,0,1943,0.157473652425045,73,0,0,0,1
305037034,1,10,0,1,4,5,1,1,0,1951,0.347849372478055,65,0,0,0,1
305037039,0,0,1,0,4,7,1,0,0,1947,0.150906941665891,69,0,0,0,1
305037041,1,21,0,1,4,3,1,0,1,1945,0.166348807814624,71,0,0,0,1
305037045,1,1,0,1,4,5,1,0,0,1958,0.327576022080632,58,0,0,1,0
305037047,1,3,0,0,3,8,0,1,0,1968,1.11324472020188,48,0,0,1,0
305037051,1,10,0,1,4,3,0,1,0,1960,0.220662274048938,56,0,0,1,0
305037053,0,0,0,1,1,4,1,1,1,1959,1.13852265958065,57,0,0,1,0
305037061,0,0,1,0,3,2,0,0,0,1953,1.82334654242936,63,0,0,1,0
305037063,1,7,0,1,4,4,1,0,0,1956,0.273419596713742,60,0,0,1,0
305037065,0,0,0,0,3,8,0,0,0,1985,3.5560854656561,31,0,1,0,0
305037070,1,20,1,0,4,10,0,0,0,1967,0.821387370417496,49,0,0,1,0
305037075,0,0,1,0,3,7,1,1,1,1969,1.49906262689214,47,0,0,1,0
305037076,1,15,0,1,4,2,1,0,0,1952,0.316814282937428,64,0,0,1,0
305037081,0,0,0,1,2,3,0,0,0,1956,1.46565962232458,60,0,0,1,0
305037094,1,21,1,0,4,5,0,0,0,1947,0.732690977959765,69,0,0,0,1
305037099,1,2,0,1,4,3,1,0,0,1980,1.13403831986021,36,0,1,0,0
305037101,1,125,1,0,4,10,0,0,0,1934,1.44037595426176,82,0,0,0,1
305037106,1,2,1,0,4,4,0,1,0,1950,2.3034034401364,66,0,0,0,1
305037108,0,0,0,1,4,5,0,0,0,1962,1.00111840829217,54,0,0,1,0
305037113,1,7,0,1,4,1,1,0,0,1942,0.188664577315981,74,0,0,0,1
305037114,0,0,0,1,3,7,1,0,1,1960,0.535986010806026,56,0,0,1,0
305037117,1,1,0,1,4,7,0,1,0,1945,0.245023504200263,71,0,0,0,1
305037120,1,25,1,0,4,9,1,0,0,1944,0.188664577315981,72,0,0,0,1
305037122,1,2,0,0,3,4,0,0,0,1989,0.635699927206072,27,1,0,0,0
305037130,1,5,0,0,4,8,1,1,0,1976,0.906053034829538,40,0,1,0,0
305037135,1,14,0,1,4,6,0,1,0,1956,0.552167432321024,60,0,0,1,0
305037137,0,0,0,1,4,7,0,0,0,1950,1.79189252129098,66,0,0,0,1
305037145,0,0,0,1,4,3,0,1,0,1945,0.551239055128892,71,0,0,0,1
305037147,1,2,0,1,4,4,0,1,0,1945,0.220291267339017,71,0,0,0,1
305037150,0,0,1,0,4,5,0,0,0,1955,0.596452469394491,61,0,0,1,0
305037154,0,0,0,0,4,3,1,0,0,1947,0.188664577315981,69,0,0,0,1
305037155,0,0,0,1,4,5,0,1,1,1962,2.32674265051659,54,0,0,1,0
305037158,0,0,1,0,4,10,1,1,0,1970,0.519521612627581,46,0,0,1,0
305037159,1,6,1,0,4,10,1,0,1,1944,0.126719866314092,72,0,0,0,1
305037161,1,67,1,0,4,10,0,1,0,1971,0.822208703470755,45,0,0,1,0
305037162,0,0,1,0,3,6,1,1,0,1961,0.519521612627581,55,0,0,1,0
305037163,0,0,0,1,3,7,0,0,1,1964,0.355243890283335,52,0,0,1,0
305037164,0,0,1,0,4,4,1,0,0,1951,0.206444081809265,65,0,0,0,1
305037166,0,0,0,1,3,4,0,1,1,1961,1.68795806582588,55,0,0,1,0
305037169,0,0,0,1,4,6,1,1,0,1948,0.488827591033693,68,0,0,0,1
305037173,0,0,0,0,2,9,1,0,1,1970,1.8554550914577,46,0,0,1,0
305037176,1,25,0,0,4,2,0,0,1,1954,0.647448098389508,62,0,0,1,0
305037182,1,20,0,1,4,6,0,0,0,1956,1.22334980536811,60,0,0,1,0
305037183,0,0,0,1,3,1,1,1,0,1950,0.376123376592491,66,0,0,0,1
305037184,1,1,0,1,4,3,0,1,0,1954,0.176500906484396,62,0,0,1,0
305037185,1,1,1,0,4,9,1,1,0,1964,0.240050695413558,52,0,0,1,0
305037187,0,0,0,1,3,5,1,1,1,1934,0.242560613389434,82,0,0,0,1
305037188,1,13,0,1,4,10,1,0,0,1951,0.172313764706301,65,0,0,0,1
305037189,1,24,1,0,4,9,0,1,0,1930,0.734569532305845,86,0,0,0,1
305037191,1,1,1,0,2,6,0,1,0,1948,6.42648251170755,68,0,0,0,1
305037195,1,2,0,1,3,5,1,1,0,1976,1.04146177111691,40,0,1,0,0
305037196,1,4,1,0,4,7,0,0,0,1975,0.430542661187289,41,0,1,0,0
305037198,0,0,0,1,3,8,0,0,0,1943,2.0718294599974,73,0,0,0,1
305037200,1,77,1,0,4,10,0,1,0,1953,0.267618101918169,63,0,0,1,0
305037201,1,25,0,1,3,1,0,1,0,1956,0.997170601779634,60,0,0,1,0
305037203,0,0,0,1,1,9,0,1,1,1965,0.801559628317907,51,0,0,1,0
305037204,0,0,0,1,3,7,0,1,0,1992,0.254901851166035,24,1,0,0,0
305037205,0,0,0,0,3,7,0,0,0,1962,0.888151641760821,54,0,0,1,0
305037207,1,84,1,0,4,10,0,1,0,1946,0.245023504200263,70,0,0,0,1
305037209,0,0,0,1,3,1,0,0,0,1964,1.00372150927307,52,0,0,1,0
305037210,1,56,0,0,4,10,0,0,0,1935,0.324430376075113,81,0,0,0,1
305037211,1,37,1,0,4,9,0,0,0,1957,0.821387370417496,59,0,0,1,0
305037212,0,0,1,0,4,8,1,0,0,1939,0.190925235649378,77,0,0,0,1
305037213,0,0,0,1,4,4,0,1,1,1962,0.723423264202172,54,0,0,1,0
305037214,0,0,1,0,4,9,0,0,0,1962,0.888151641760821,54,0,0,1,0
305037215,1,68,1,0,4,10,1,1,0,1941,0.216449395400719,75,0,0,0,1
305037220,1,2,0,0,4,3,0,0,0,1970,0.710404941406628,46,0,0,1,0
305037224,1,348,1,0,4,10,0,0,0,1957,0.198953084374713,59,0,0,1,0
305037228,0,0,1,0,3,7,0,1,0,1942,2.13025164368695,74,0,0,0,1
305037229,0,0,0,1,4,8,0,1,1,1953,0.232606023601812,63,0,0,1,0
305037230,0,0,0,1,3,4,1,1,0,1947,0.180664952286497,69,0,0,0,1
305037232,1,79,1,0,4,10,1,0,0,1956,0.327576022080632,60,0,0,1,0
305037234,1,272,1,0,4,10,0,0,0,1940,0.270794003861219,76,0,0,0,1
305037235,1,3,1,0,4,5,0,0,0,1948,1.79189252129098,68,0,0,0,1
305037236,0,0,0,1,3,7,0,0,0,1959,0.74131818980059,57,0,0,1,0
305037237,1,35,1,0,3,10,1,1,0,1941,0.941180725088193,75,0,0,0,1
305037239,0,0,1,0,2,7,0,0,1,1961,0.961188171357455,55,0,0,1,0
305037240,0,0,0,1,4,5,1,0,0,1969,0.327576022080632,47,0,0,1,0
305037241,1,1,0,0,4,6,1,0,0,1960,0.34256568296288,56,0,0,1,0
305037242,1,2,0,1,4,5,0,0,0,1956,1.46565962232458,60,0,0,1,0
305037243,1,44,0,1,4,2,1,1,0,1963,0.222005567744852,53,0,0,1,0
305037244,1,13,0,1,4,3,1,1,0,1947,0.200178428274,69,0,0,0,1
305037246,1,44,0,0,4,5,1,0,1,1953,0.226529946982221,63,0,0,1,0
305037248,1,22,0,1,4,2,0,1,0,1944,1.01159131278647,72,0,0,0,1
305037249,1,1,0,1,4,2,1,0,0,1956,0.285931095593509,60,0,0,1,0
305037251,1,4,1,0,4,5,0,1,0,1959,0.760401504791784,57,0,0,1,0
305037253,0,0,1,0,3,7,0,1,0,1972,1.87175522414577,44,0,1,0,0
305037254,1,49,1,0,4,9,0,1,0,1930,0.794277048322897,86,0,0,0,1
305037256,1,70,1,0,4,9,0,0,0,1949,0.732690977959765,67,0,0,0,1
305037257,0,0,1,0,4,6,1,1,0,1939,0.814012318596374,77,0,0,0,1
305037258,1,6,0,0,1,9,0,1,0,1955,0.220662274048938,61,0,0,1,0
305037260,1,34,0,0,4,2,0,0,0,1945,0.270794003861219,71,0,0,0,1
305037261,0,0,0,1,1,3,1,1,0,1978,1.91135722808884,38,0,1,0,0
305037262,1,18,1,0,4,9,1,0,0,1964,0.262017896303204,52,0,0,1,0
305037263,0,0,0,0,3,7,0,1,0,1951,0.820826297043295,65,0,0,0,1
305037266,1,201,1,0,4,10,0,0,0,1953,0.888151641760821,63,0,0,1,0
305037267,1,15,0,0,4,9,0,0,0,1988,0.530602992928634,28,1,0,0,0
305037268,0,0,1,0,4,NA,0,0,0,1952,0.290516343239607,64,0,0,1,0
305037269,1,15,1,0,4,10,0,0,0,1950,0.324430376075113,66,0,0,0,1
305037270,1,2,0,1,4,7,1,1,0,1953,4.23275133721452,63,0,0,1,0
305037271,1,44,1,0,3,9,0,0,0,1953,0.190656665643001,63,0,0,1,0
305037272,1,39,0,1,4,9,0,1,0,1940,0.293555494144817,76,0,0,0,1
305037274,0,0,0,1,2,8,0,1,1,1966,2.61507502635316,50,0,0,1,0
305037275,1,101,0,1,4,4,0,1,0,1961,0.552167432321024,55,0,0,1,0
305037276,1,62,1,0,4,9,0,1,0,1949,1.92259383232915,67,0,0,0,1
305037277,1,63,0,1,4,4,1,1,1,1961,0.244403009382833,55,0,0,1,0
305037278,1,1,1,0,3,9,0,0,0,1935,0.877815631575629,81,0,0,0,1
305037279,0,0,0,1,4,8,0,1,0,1951,0.176204149728421,65,0,0,0,1
305037280,0,0,0,1,2,8,1,1,0,1954,0.20036437317342,62,0,0,1,0
305037281,0,0,0,1,3,7,0,1,1,1968,1.52341521538288,48,0,0,1,0
305037282,1,69,0,1,4,1,0,1,0,1967,0.220662274048938,49,0,0,1,0
305037284,1,1,0,1,4,1,1,1,0,1948,0.376123376592491,68,0,0,0,1
305037286,0,0,0,1,4,9,0,1,1,1959,0.503409733016243,57,0,0,1,0
305037287,1,2,1,0,3,10,0,0,1,1945,0.12121734184473,71,0,0,0,1
305037289,0,0,0,1,3,4,0,1,0,1957,0.760401504791784,59,0,0,1,0
305037290,0,0,0,1,4,8,0,1,0,1961,0.579183441386554,55,0,0,1,0
305037292,1,52,1,0,3,4,0,1,0,1946,5.1761875059245,70,0,0,0,1
305037293,1,407,1,0,4,10,0,0,0,1951,2.24023256579881,65,0,0,0,1
305037294,1,28,1,0,4,10,1,0,0,1957,0.92688457531047,59,0,0,1,0
305037295,0,0,0,0,2,3,0,0,1,1991,3.01624913921576,25,1,0,0,0
305037297,0,0,1,0,4,7,1,1,0,1962,0.649508394848436,54,0,0,1,0
305037299,0,0,1,0,4,4,0,1,0,1945,0.596045044576912,71,0,0,0,1
305037301,0,0,1,0,4,7,0,1,0,1964,0.657659231091596,52,0,0,1,0
305037302,0,0,0,1,4,4,1,1,0,1948,0.216449395400719,68,0,0,0,1
305037303,1,3,0,1,4,5,1,1,0,1946,0.313940871768742,70,0,0,0,1
305037305,0,0,1,0,4,8,0,1,0,1936,0.497504044027158,80,0,0,0,1
305037306,0,0,1,0,3,6,0,1,0,1955,0.922211140464208,61,0,0,1,0
305037309,0,0,1,0,4,7,1,0,0,1943,0.188664577315981,73,0,0,0,1
305037311,1,5,0,1,4,1,1,0,1,1958,0.451719034776048,58,0,0,1,0
305037312,1,2,0,1,4,2,1,0,0,1947,0.206444081809265,69,0,0,0,1
305037314,1,49,0,1,4,5,1,0,0,1946,0.165128215662243,70,0,0,0,1
305037315,1,14,1,0,4,3,0,0,0,1957,0.644933510063292,59,0,0,1,0
305037318,1,12,0,1,4,2,0,1,0,1953,0.552167432321024,63,0,0,1,0
305037319,0,0,0,1,3,1,0,0,0,1967,1.17233565661746,49,0,0,1,0
305037322,0,0,1,0,4,NA,0,1,0,1954,0.498341922626598,62,0,0,1,0
305037325,0,0,0,1,4,NA,1,0,0,1946,0.188664577315981,70,0,0,0,1
305037328,1,10,1,0,4,10,0,0,0,1955,0.538310035968624,61,0,0,1,0
305037329,0,0,0,1,4,2,0,0,0,1955,0.74131818980059,61,0,0,1,0
305037330,1,25,0,1,4,8,1,0,0,1955,0.302951427140516,61,0,0,1,0
305037332,0,0,0,0,3,3,0,1,0,1964,0.657659231091596,52,0,0,1,0
305037333,0,0,0,1,4,5,0,1,0,1936,1.48099218750231,80,0,0,0,1
305037334,1,7,1,0,4,8,0,1,0,1945,2.3034034401364,71,0,0,0,1
305037338,1,1,0,1,4,2,1,1,0,1957,0.164296959808158,59,0,0,1,0
305037339,1,5,0,1,3,6,1,1,0,1967,0.600683450239364,49,0,0,1,0
305037340,0,0,1,0,4,8,1,0,0,1940,0.206444081809265,76,0,0,0,1
305037342,1,34,1,0,4,10,1,0,0,1955,0.739795079850535,61,0,0,1,0
305037343,1,50,1,0,4,7,1,0,0,1947,0.188664577315981,69,0,0,0,1
305037345,1,4,1,0,4,4,1,0,0,1941,0.206444081809265,75,0,0,0,1
305037347,0,0,0,1,4,8,0,1,1,1993,7.09601982350639,23,1,0,0,0
305037350,1,3,1,0,4,10,1,1,0,1945,0.376123376592491,71,0,0,0,1
305037354,0,0,0,0,2,5,1,1,0,1955,0.192009103165981,61,0,0,1,0
305037356,0,0,0,1,4,5,1,1,0,1955,0.649508394848436,61,0,0,1,0
305037358,0,0,1,0,4,9,1,1,0,1951,0.173131155567415,65,0,0,0,1
305037359,0,0,1,0,3,8,1,0,0,1956,0.316814282937428,60,0,0,1,0
305037361,0,0,0,1,2,8,0,1,1,1955,1.79231183924527,61,0,0,1,0
305037362,0,0,0,0,4,2,0,0,0,1994,3.98979710183742,22,1,0,0,0
305037364,0,0,1,0,4,9,1,0,0,1949,0.150906941665891,67,0,0,0,1
305037365,0,0,1,0,3,7,0,1,0,1961,0.597048882421346,55,0,0,1,0
305037366,0,0,0,0,1,6,1,1,0,1981,0.267849395047513,35,0,1,0,0
305037369,0,0,0,0,3,6,1,1,1,1968,0.609701060280858,48,0,0,1,0
305037373,1,28,1,0,4,5,0,1,0,1965,0.184181337807281,51,0,0,1,0
305037374,0,0,1,0,4,3,0,1,0,1963,0.204074615762758,53,0,0,1,0
305037375,1,27,1,0,3,9,1,1,0,1954,0.715444252757363,62,0,0,1,0
305037376,0,0,0,1,NA,8,1,0,1,1979,4.73200456132808,37,0,1,0,0
305037377,1,1,1,0,4,5,1,1,0,1983,1.2477448881936,33,0,1,0,0
305037380,0,0,1,0,2,8,0,0,0,1965,0.821387370417496,51,0,0,1,0
305037382,1,2,1,0,2,5,1,1,1,1963,0.203372293206453,53,0,0,1,0
305037385,0,0,0,0,NA,NA,0,1,0,1982,1.3824215000817,34,0,1,0,0
305037391,1,2,1,0,4,9,1,0,0,1957,0.708945345716529,59,0,0,1,0
305037392,0,0,1,0,2,8,0,1,0,1974,1.87175522414577,42,0,1,0,0
305037394,0,0,0,1,4,4,1,1,0,1960,0.177651397921737,56,0,0,1,0
305037396,0,0,0,1,4,5,0,0,0,1976,0.453202599206877,40,0,1,0,0
305037397,0,0,1,0,3,9,0,1,0,1961,0.498341922626598,55,0,0,1,0
305037398,0,0,0,1,4,8,0,1,0,1968,0.184181337807281,48,0,0,1,0
305037400,1,51,0,0,4,7,0,0,0,1965,0.821387370417496,51,0,0,1,0
305037403,1,2,0,1,4,3,1,1,0,1982,0.30969394699081,34,0,1,0,0
305037405,0,0,0,1,4,3,1,1,0,1970,0.240050695413558,46,0,0,1,0
305037409,1,5,0,1,4,1,1,0,0,1946,0.188664577315981,70,0,0,0,1
305037410,0,0,0,1,4,NA,1,1,0,1957,0.401206502467145,59,0,0,1,0
305037411,0,0,1,0,3,4,0,1,0,1986,0.580206665445287,30,0,1,0,0
305037412,0,0,1,0,4,2,0,1,1,1952,0.532377704462742,64,0,0,1,0
305037413,0,0,0,1,4,1,1,0,0,1947,0.190925235649378,69,0,0,0,1
305037414,0,0,0,0,3,NA,0,1,1,1941,0.492390048268966,75,0,0,0,1
305037415,0,0,1,0,4,8,0,0,0,1962,0.865851472518265,54,0,0,1,0
305037416,1,214,1,0,4,10,0,1,0,1956,0.822208703470755,60,0,0,1,0
305037417,0,0,0,1,4,2,1,1,1,1953,0.203372293206453,63,0,0,1,0
305037418,1,4,1,0,4,10,0,0,0,1953,0.888151641760821,63,0,0,1,0
305037419,0,0,1,0,3,8,0,1,0,1978,2.24249519055595,38,0,1,0,0
305037420,0,0,1,0,3,6,0,0,0,1955,0.821387370417496,61,0,0,1,0
305037421,0,0,0,0,3,5,1,0,0,1943,0.615283499144855,73,0,0,0,1
305037422,1,4,1,0,4,4,1,1,0,1982,1.1347421697254,34,0,1,0,0
305037423,0,0,0,1,3,5,0,0,0,1942,2.54566533156932,74,0,0,0,1
305037424,1,171,0,1,4,1,0,1,0,1946,0.271488295545091,70,0,0,0,1
305037426,1,23,0,1,4,4,1,0,1,1950,0.104523359621562,66,0,0,0,1
305037427,1,3,1,0,3,6,1,1,0,1974,1.22892285085673,42,0,1,0,0
305037429,1,25,0,0,4,4,0,1,0,1988,1.16062569111302,28,1,0,0,0
305037430,0,0,0,1,4,5,1,0,0,1963,0.274007660956059,53,0,0,1,0
305037432,1,4,0,1,4,5,0,0,0,1950,1.79189252129098,66,0,0,0,1
305037433,0,0,0,1,4,1,1,1,0,1989,0.646785591362019,27,1,0,0,0
305037437,1,2,0,1,4,2,1,0,0,1988,0.515131983024443,28,1,0,0,0
305037442,0,0,1,0,4,6,0,1,0,1943,0.293555494144817,73,0,0,0,1
305037444,0,0,0,1,4,4,1,0,0,1950,0.188664577315981,66,0,0,0,1
305037447,0,0,0,1,4,3,1,1,0,1980,0.267849395047513,36,0,1,0,0
305037450,0,0,0,0,4,2,0,1,0,1946,0.596045044576912,70,0,0,0,1
305037456,0,0,0,0,4,3,0,1,0,1937,0.183871667690523,79,0,0,0,1
305037457,1,1,0,0,3,9,1,1,0,1980,1.04146177111691,36,0,1,0,0
305037459,0,0,0,1,4,2,0,1,1,1946,0.210411520061684,70,0,0,0,1
305037461,0,0,0,1,4,1,1,0,0,1943,0.165128215662243,73,0,0,0,1
305037463,1,26,0,1,4,1,0,1,1,1942,0.784013415301157,74,0,0,0,1
305037465,0,0,0,1,4,1,1,0,0,1936,0.174482254792965,80,0,0,0,1
305037468,0,0,0,0,4,2,0,0,0,1950,0.324430376075113,66,0,0,0,1
305037469,0,0,0,0,3,4,1,0,0,1978,1.82880094281204,38,0,1,0,0
305037471,1,1,1,0,3,7,0,1,0,1972,2.24249519055595,44,0,1,0,0
305037472,0,0,0,0,3,2,0,1,0,1955,0.822208703470755,61,0,0,1,0
305037474,0,0,0,0,NA,9,0,1,0,1945,6.42648251170755,71,0,0,0,1
305037476,0,0,0,1,3,3,0,1,0,1939,0.497504044027158,77,0,0,0,1
305037478,0,0,0,1,4,9,1,1,0,1946,0.200178428274,70,0,0,0,1
305037480,0,0,0,1,4,3,1,0,0,1950,0.165128215662243,66,0,0,0,1
305037481,1,6,1,0,4,4,1,1,0,1975,0.72472371029261,41,0,1,0,0
305037482,0,0,1,0,4,4,1,0,0,1963,0.273419596713742,53,0,0,1,0
305037483,0,0,0,1,4,2,1,1,0,1954,0.401206502467145,62,0,0,1,0
305037484,1,4,0,1,4,2,0,1,0,1970,0.204074615762758,46,0,0,1,0
305037486,0,0,1,0,4,7,0,0,0,1958,0.888151641760821,58,0,0,1,0
305037487,0,0,1,0,4,6,0,1,0,1958,0.47756087630771,58,0,0,1,0
305037488,0,0,0,0,2,8,0,1,0,1958,0.724097897362051,58,0,0,1,0
305037490,1,6,0,0,3,5,0,0,0,1993,6.95290916424328,23,1,0,0,0
305037491,0,0,0,1,3,5,0,1,1,1972,0.785696462997324,44,0,1,0,0
305037492,1,1,0,1,4,3,1,1,0,1982,0.304539208322475,34,0,1,0,0
305037493,0,0,1,0,4,6,0,1,0,1967,0.597048882421346,49,0,0,1,0
305037494,1,5,1,0,2,4,0,1,0,1965,3.24762151824075,51,0,0,1,0
305037497,1,5,0,1,4,3,1,1,0,1956,0.20036437317342,60,0,0,1,0
305037499,0,0,0,0,4,10,0,0,0,1951,0.702137487556706,65,0,0,0,1
305037500,0,0,0,1,3,6,0,1,1,1967,5.08255509411065,49,0,0,1,0
305037503,1,5,0,0,4,5,1,1,0,1968,0.20036437317342,48,0,0,1,0
305037504,0,0,0,1,4,5,1,0,0,1972,0.362496553992698,44,0,1,0,0
305037505,1,9,0,1,3,2,0,0,0,1969,6.95290916424328,47,0,0,1,0
305037506,1,4,0,1,4,4,0,0,1,1995,1.28625933304968,21,1,0,0,0
305037507,0,0,0,1,2,6,0,1,0,1955,0.220662274048938,61,0,0,1,0
305037508,0,0,0,1,4,2,1,0,0,1979,1.56170826897284,37,0,1,0,0
305037510,1,47,1,0,3,7,0,0,0,1975,2.47225946677928,41,0,1,0,0
305037512,1,188,0,1,4,1,1,0,0,1957,0.285931095593509,59,0,0,1,0
305037514,0,0,1,0,2,NA,0,1,0,1989,4.49461789528545,27,1,0,0,0
305037516,1,25,0,0,4,4,0,0,0,1978,0.490039958042293,38,0,1,0,0
305037517,1,2,0,1,4,2,0,0,0,1995,1.43565965366243,21,1,0,0,0
305037518,0,0,0,0,3,7,1,1,0,1983,1.04146177111691,33,0,1,0,0
305037519,1,8,0,1,4,1,1,0,0,1951,0.188664577315981,65,0,0,0,1
305037521,1,10,0,1,4,1,1,1,0,1961,0.192009103165981,55,0,0,1,0
305037522,1,3,0,0,2,7,1,0,0,1950,3.07660011574962,66,0,0,0,1
305037523,0,0,0,1,3,5,1,1,0,1966,0.649508394848436,50,0,0,1,0
305037524,0,0,0,1,4,7,0,1,0,1937,0.220291267339017,79,0,0,0,1
305037526,1,48,0,1,4,5,1,1,0,1957,0.164296959808158,59,0,0,1,0
305037527,0,0,0,1,4,4,1,0,0,1966,0.327576022080632,50,0,0,1,0
305037528,0,0,0,1,4,6,0,1,0,1964,0.760401504791784,52,0,0,1,0
305037529,0,0,0,1,2,3,1,1,0,1960,3.13248079042553,56,0,0,1,0
305037530,0,0,1,0,4,5,1,0,0,1953,0.302951427140516,63,0,0,1,0
305037531,1,6,1,0,4,10,1,0,0,1951,0.157473652425045,65,0,0,0,1
305037532,1,115,0,1,4,4,0,0,0,1968,1.00111840829217,48,0,0,1,0
305037536,1,79,1,0,4,8,0,1,0,1956,0.204074615762758,60,0,0,1,0
305037538,0,0,0,1,4,8,1,1,0,1972,0.279504852940136,44,0,1,0,0
305037539,0,0,0,0,1,7,0,1,0,1961,0.686277251581518,55,0,0,1,0
305037540,0,0,0,1,4,NA,0,1,0,1947,0.2037314984261,69,0,0,0,1
305037542,1,7,0,1,4,3,1,1,0,1957,0.142097841176297,59,0,0,1,0
305037543,1,1,0,1,4,2,1,0,0,1938,0.174482254792965,78,0,0,0,1
305037545,1,16,1,0,4,9,0,1,0,1955,0.997170601779634,61,0,0,1,0
305037546,0,0,0,1,4,7,0,1,0,1986,0.464089309515001,30,0,1,0,0
305037547,1,229,1,0,4,10,0,1,0,1946,0.662963390458329,70,0,0,0,1
305037548,1,4,0,0,3,2,1,1,1,1980,0.736880305012358,36,0,1,0,0
305037550,1,5,1,0,2,6,0,1,0,1941,0.794277048322897,75,0,0,0,1
305037553,1,11,0,1,4,1,1,1,0,1967,0.177651397921737,49,0,0,1,0
305037555,0,0,0,1,2,7,0,1,1,1958,2.26173701687924,58,0,0,1,0
305037556,0,0,0,0,4,5,1,0,1,1976,4.02884683069805,40,0,1,0,0
305037557,0,0,0,1,4,8,1,1,1,1952,0.282584668965839,64,0,0,1,0
305037559,1,115,1,0,4,5,1,1,1,1970,2.12505168836544,46,0,0,1,0
305037560,1,9,1,0,3,10,1,1,0,1956,0.746576786624216,60,0,0,1,0
305037561,0,0,0,1,1,8,0,1,1,1985,1.58398616836079,31,0,1,0,0
305037562,0,0,0,1,4,1,1,1,0,1954,0.177651397921737,62,0,0,1,0
305037564,0,0,0,1,4,5,1,1,1,1964,0.301297500116512,52,0,0,1,0
305037565,0,0,0,1,3,7,0,1,1,1980,7.09601982350639,36,0,1,0,0
305037570,0,0,0,1,3,6,1,1,1,1979,1.13444196883644,37,0,1,0,0
305037572,0,0,0,1,2,7,0,1,1,1966,0.723423264202172,50,0,0,1,0
305037577,1,3,1,0,4,2,0,0,1,1938,9.17462772514642,78,0,0,0,1
305037578,1,3,1,0,4,10,0,1,0,1950,0.685123391157029,66,0,0,0,1
305037579,0,0,0,1,4,7,0,0,0,1958,1.17233565661746,58,0,0,1,0
305037582,1,2,0,1,4,4,0,1,0,1955,0.797605824975148,61,0,0,1,0
305037583,0,0,0,1,1,9,1,1,1,1975,1.47725761585009,41,0,1,0,0
305037584,0,0,1,0,4,5,1,0,0,1943,0.150906941665891,73,0,0,0,1
305037587,1,8,0,1,3,3,1,0,0,1970,0.327576022080632,46,0,0,1,0
305037588,1,4,1,0,4,8,0,0,0,1959,0.238359871579992,57,0,0,1,0
305037591,0,0,0,1,3,6,0,1,1,1969,9.17462772514642,47,0,0,1,0
305037592,1,9,0,1,4,3,1,0,1,1963,0.634204829793255,53,0,0,1,0
305037593,1,3,0,1,4,7,0,1,0,1952,0.176500906484396,64,0,0,1,0
305037595,0,0,0,1,4,1,1,0,0,1954,0.302951427140516,62,0,0,1,0
305037597,0,0,0,1,4,6,0,1,1,1967,0.961242178968416,49,0,0,1,0
305037599,0,0,1,0,4,10,1,1,0,1956,0.177651397921737,60,0,0,1,0
305037600,0,0,0,1,3,6,0,1,1,1978,8.79289880340852,38,0,1,0,0
305037603,1,13,0,1,3,5,0,1,0,1943,1.92259383232915,73,0,0,0,1
305037604,1,1,0,1,2,6,0,1,0,1963,1.350137626719,53,0,0,1,0
305037605,0,0,1,0,3,7,1,0,0,1967,0.302951427140516,49,0,0,1,0
305037611,0,0,1,0,4,3,1,0,0,1942,0.188664577315981,74,0,0,0,1
305037612,0,0,0,0,3,8,0,1,0,1945,1.84242094365974,71,0,0,0,1
305037614,0,0,0,1,4,8,0,1,0,1960,0.597048882421346,56,0,0,1,0
305037615,1,1,0,1,3,7,0,1,0,1959,1.12692645530292,57,0,0,1,0
305037617,0,0,0,0,2,3,0,0,1,1946,0.101177114586671,70,0,0,0,1
305037619,0,0,0,0,NA,7,0,1,0,1974,1.65623876736828,42,0,1,0,0
305037620,0,0,1,0,4,5,1,0,0,1942,0.188664577315981,74,0,0,0,1
305037623,0,0,0,1,3,NA,0,1,0,1975,0.214437587917895,41,0,1,0,0
305037624,1,1,0,0,4,5,1,0,0,1945,0.206444081809265,71,0,0,0,1
305037627,0,0,0,0,2,8,1,0,1,1968,5.18284070325894,48,0,0,1,0
305037628,0,0,1,0,4,7,0,0,0,1961,0.268677604157545,55,0,0,1,0
305037629,1,15,1,0,4,10,0,1,0,1958,0.184181337807281,58,0,0,1,0
305037630,0,0,0,1,4,NA,1,1,0,1977,0.243591463745344,39,0,1,0,0
305037631,0,0,1,0,2,7,0,1,0,1949,2.13025164368695,67,0,0,0,1
305037633,0,0,0,1,4,7,1,1,0,1954,0.192009103165981,62,0,0,1,0
305037634,0,0,1,0,4,5,1,0,0,1946,0.174482254792965,70,0,0,0,1
305037635,0,0,0,1,1,5,0,1,0,1960,1.12692645530292,56,0,0,1,0
305037636,1,2,0,1,1,5,1,0,0,1972,1.82880094281204,44,0,1,0,0
305037641,0,0,0,1,4,NA,1,0,0,1964,0.327576022080632,52,0,0,1,0
305037643,1,10,1,0,4,7,0,0,0,1956,1.17233565661746,60,0,0,1,0
305037644,1,28,1,0,4,9,0,0,0,1956,0.238359871579992,60,0,0,1,0
305037645,0,0,1,0,4,9,0,0,0,1947,2.0718294599974,69,0,0,0,1
305037646,0,0,0,1,3,5,1,1,0,1983,0.99803242206504,33,0,1,0,0
305037647,0,0,1,0,4,6,0,0,1,1956,0.598778030701633,60,0,0,1,0
305037648,0,0,1,0,4,8,0,1,1,1976,2.18134101268517,40,0,1,0,0
305037649,0,0,0,0,3,7,0,0,0,1975,3.52528856245088,41,0,1,0,0
305037651,0,0,0,1,2,6,0,1,0,1945,0.271488295545091,71,0,0,0,1
305037652,1,6,0,0,2,4,0,1,0,1970,5.77330226398107,46,0,0,1,0
305037660,0,0,0,0,2,8,0,1,0,1970,0.822208703470755,46,0,0,1,0
305037661,0,0,1,0,4,4,1,1,0,1980,0.267849395047513,36,0,1,0,0
305037662,0,0,0,1,3,5,1,1,0,1987,0.368769605797911,29,1,0,0,0
305037666,0,0,0,0,2,8,0,1,0,1959,6.42648251170755,57,0,0,1,0
305037667,1,5,1,0,3,8,0,1,0,1960,0.220662274048938,56,0,0,1,0
305037671,0,0,0,1,3,7,1,1,0,1971,0.715444252757363,45,0,0,1,0
305037672,1,5,0,0,1,7,0,0,1,1968,9.17462772514642,48,0,0,1,0
305037673,0,0,0,1,4,8,0,1,1,1981,0.176002303374356,35,0,1,0,0
305037675,0,0,0,1,4,5,1,0,1,1952,0.68575446991256,64,0,0,1,0
305037676,1,2,1,0,4,6,1,0,0,1949,0.206444081809265,67,0,0,0,1
305037678,0,0,0,1,4,8,1,0,0,1945,0.206444081809265,71,0,0,0,1
305037679,0,0,0,1,3,7,1,0,1,1978,1.46314496207838,38,0,1,0,0
305037680,0,0,1,0,1,3,0,1,0,1957,1.12692645530292,59,0,0,1,0
305037682,1,33,1,0,2,10,0,1,0,1944,2.3034034401364,72,0,0,0,1
305037683,0,0,1,0,4,8,1,0,0,1969,0.273419596713742,47,0,0,1,0
305037684,0,0,0,0,4,3,1,1,0,1955,0.649508394848436,61,0,0,1,0
305037686,0,0,0,0,2,6,0,1,0,1963,0.604386590387462,53,0,0,1,0
305037687,0,0,0,1,4,4,0,0,0,1953,0.238359871579992,63,0,0,1,0
305037688,1,1,1,0,4,9,1,1,1,1958,1.72309606436226,58,0,0,1,0
305037691,1,1,1,0,4,9,0,0,0,1960,0.238359871579992,56,0,0,1,0
305037692,0,0,1,0,4,NA,0,0,1,1966,5.0383850673138,50,0,0,1,0
305037693,0,0,0,1,4,6,0,1,1,1977,0.850907248338525,39,0,1,0,0
305037695,0,0,0,1,4,6,1,1,0,1955,0.240050695413558,61,0,0,1,0
305037696,0,0,0,1,4,4,0,0,1,1948,0.11210517324434,68,0,0,0,1
305037697,0,0,0,0,3,8,0,1,1,1971,9.17462772514642,45,0,0,1,0
305037701,0,0,0,1,2,6,0,1,0,1984,2.24249519055595,32,0,1,0,0
305037702,0,0,0,1,3,6,0,1,0,1943,1.48099218750231,73,0,0,0,1
305037703,0,0,0,0,1,3,0,0,0,1973,1.60424306678332,43,0,1,0,0
305037704,1,3,1,0,4,10,0,1,0,1971,1.07993319665392,45,0,0,1,0
305037705,0,0,1,0,3,NA,0,1,0,1960,0.822208703470755,56,0,0,1,0
305037706,1,34,1,0,4,10,1,1,1,1959,0.65925897715778,57,0,0,1,0
305037707,0,0,1,0,2,8,0,1,0,1979,0.902985968078923,37,0,1,0,0
305037709,0,0,1,0,2,6,0,0,0,1986,6.95290916424328,30,0,1,0,0
305037711,0,0,1,0,4,9,0,0,0,1955,1.46565962232458,61,0,0,1,0
305037713,1,24,1,0,3,9,0,1,0,1954,1.07993319665392,62,0,0,1,0
305037716,0,0,0,1,4,9,0,1,0,1983,0.178985746381482,33,0,1,0,0
305037721,0,0,0,1,4,3,0,1,0,1953,0.220662274048938,63,0,0,1,0
305037724,0,0,1,0,4,5,1,0,0,1964,0.262017896303204,52,0,0,1,0
305037725,0,0,0,1,3,6,1,1,1,1968,0.255038198550189,48,0,0,1,0
305037727,0,0,1,0,4,8,1,0,0,1950,0.172313764706301,66,0,0,0,1
305037729,0,0,0,1,4,6,1,0,0,1948,0.188664577315981,68,0,0,0,1
305037731,0,0,1,0,4,NA,0,0,0,1940,1.8698666672707,76,0,0,0,1
305037732,0,0,0,0,2,5,1,1,0,1965,0.519521612627581,51,0,0,1,0
305037733,1,2,0,1,3,4,1,0,1,1985,1.14882605955458,31,0,1,0,0
305037736,0,0,0,0,4,NA,0,0,0,1997,6.44352661775246,19,1,0,0,0
305037738,0,0,0,1,4,3,1,1,0,1978,0.7620542905454,38,0,1,0,0
305037741,1,2,1,0,4,5,0,1,0,1964,0.184181337807281,52,0,0,1,0
305037743,0,0,0,1,3,8,0,1,1,1985,1.65455274336896,31,0,1,0,0
305037746,1,86,1,0,3,8,0,1,0,1955,1.12692645530292,61,0,0,1,0
305037749,1,7,1,0,3,5,0,1,0,1977,1.08184107859543,39,0,1,0,0
305037753,1,2,0,1,2,3,1,1,0,1963,0.649508394848436,53,0,0,1,0
305037756,0,0,0,0,4,8,0,1,0,1956,0.184181337807281,60,0,0,1,0
305037757,0,0,1,0,3,8,1,1,0,1958,0.746576786624216,58,0,0,1,0
305037758,1,49,1,0,4,9,0,1,0,1944,1.18459969977692,72,0,0,0,1
305037761,0,0,0,1,4,6,1,0,0,1967,0.285931095593509,49,0,0,1,0
305037763,0,0,0,0,4,3,0,0,0,1965,0.821387370417496,51,0,0,1,0
305037764,1,2,0,0,3,9,1,0,0,1962,0.302951427140516,54,0,0,1,0
305037765,1,2,0,1,1,6,0,1,0,1958,0.822208703470755,58,0,0,1,0
305037766,1,6,1,0,3,9,0,0,0,1953,0.596452469394491,63,0,0,1,0
305037767,0,0,0,0,4,NA,0,0,0,1961,0.232375009055469,55,0,0,1,0
305037769,0,0,0,1,4,7,0,1,0,1958,0.822208703470755,58,0,0,1,0
305037771,0,0,1,0,3,8,1,1,0,1966,0.552510000319788,50,0,0,1,0
305037772,0,0,0,1,4,4,0,1,0,1955,0.669665899237535,61,0,0,1,0
305037773,0,0,0,1,3,7,0,1,1,1949,7.09601982350639,67,0,0,0,1
305037775,1,1,1,0,4,7,0,1,0,1973,0.17152197318261,43,0,1,0,0
305037776,1,1,1,0,4,8,0,1,0,1960,3.93869912836773,56,0,0,1,0
305037777,0,0,0,1,4,7,1,0,0,1950,0.206444081809265,66,0,0,0,1
305037781,1,45,0,1,4,2,1,1,0,1958,0.222005567744852,58,0,0,1,0
305037782,0,0,0,0,3,5,0,1,0,1953,0.686277251581518,63,0,0,1,0
305037783,0,0,1,0,3,8,0,1,0,1956,0.597048882421346,60,0,0,1,0
305037785,0,0,0,0,4,2,0,1,1,1988,6.79528310749447,28,1,0,0,0
305037786,1,21,0,1,4,6,0,1,1,1962,9.17462772514642,54,0,0,1,0
305037787,0,0,0,1,4,2,1,0,0,1955,0.316814282937428,61,0,0,1,0
305037788,1,1,0,0,1,4,0,0,0,1959,6.95290916424328,57,0,0,1,0
305037789,1,6,0,1,4,2,0,1,0,1963,0.47756087630771,53,0,0,1,0
305037790,0,0,0,1,4,1,1,0,1,1957,0.682497651338238,59,0,0,1,0
305037791,1,160,1,0,4,9,0,0,0,1942,0.324430376075113,74,0,0,0,1
305037792,0,0,0,1,4,4,1,1,0,1970,0.148281224208277,46,0,0,1,0
305037793,0,0,1,0,2,9,1,1,1,1964,0.908091781161211,52,0,0,1,0
305037794,1,21,0,1,4,1,0,1,0,1961,0.220662274048938,55,0,0,1,0
305037795,1,15,0,1,4,1,1,0,0,1959,0.327576022080632,57,0,0,1,0
305037796,0,0,0,0,1,NA,0,1,0,1971,3.89088035735259,45,0,0,1,0
305037799,0,0,0,1,3,6,1,1,0,1953,0.142097841176297,63,0,0,1,0
305037803,0,0,0,1,3,5,0,1,0,1975,0.214437587917895,41,0,1,0,0
305037804,0,0,1,0,4,6,0,0,0,1953,0.538310035968624,63,0,0,1,0
305037805,0,0,1,0,4,3,1,0,0,1946,0.188664577315981,70,0,0,0,1
305037809,1,2,0,0,1,6,0,1,0,1955,0.657659231091596,61,0,0,1,0
305037812,1,6,0,0,2,8,0,1,0,1987,1.11222716160784,29,1,0,0,0
305037813,1,3,0,0,1,6,0,1,0,1965,3.77445388768765,51,0,0,1,0
305037816,0,0,0,1,4,7,1,1,0,1961,0.177651397921737,55,0,0,1,0
305037817,0,0,1,0,4,5,1,1,1,1973,0.99838191021421,43,0,1,0,0
305037818,0,0,0,1,3,7,1,1,0,1978,1.2477448881936,38,0,1,0,0
305037819,1,3,0,0,4,3,0,1,0,1988,1.31868019217625,28,1,0,0,0
305037823,1,5,0,1,4,3,1,1,0,1961,0.148281224208277,55,0,0,1,0
305037824,0,0,0,1,4,5,1,0,1,1937,1.10684065834128,79,0,0,0,1
305037825,0,0,1,0,4,8,1,1,0,1975,0.334866589589114,41,0,1,0,0
305037826,0,0,1,0,4,7,0,1,0,1987,1.16062569111302,29,1,0,0,0
305037829,1,10,0,0,2,6,0,1,1,1982,1.65455274336896,34,0,1,0,0
305037831,0,0,0,1,3,8,0,1,1,1972,1.06380829516988,44,0,1,0,0
305037832,0,0,0,0,3,NA,1,1,1,1988,0.613148989786512,28,1,0,0,0
305037836,1,2,0,1,4,8,0,1,0,1964,0.597048882421346,52,0,0,1,0
305037837,0,0,1,0,3,1,0,1,0,1970,0.220662274048938,46,0,0,1,0
305037841,0,0,0,1,4,8,1,1,0,1942,0.347849372478055,74,0,0,0,1
305037842,0,0,1,0,3,8,0,1,0,1968,0.890449910848929,48,0,0,1,0
305037843,1,2,1,0,4,3,1,1,0,1970,0.142097841176297,46,0,0,1,0
305037844,1,9,1,0,4,10,1,0,0,1924,0.174482254792965,92,0,0,0,1
305037846,0,0,1,0,4,NA,0,0,0,1975,0.538266485906508,41,0,1,0,0
305037847,1,8,0,1,4,2,1,1,1,1949,1.39115645914529,67,0,0,0,1
305037849,0,0,0,0,4,4,1,0,0,1952,0.316814282937428,64,0,0,1,0
305037853,0,0,0,1,3,7,0,0,0,1955,2.27955653285726,61,0,0,1,0
305037856,1,1,0,1,3,2,1,0,0,1989,0.412038090130232,27,1,0,0,0
305037857,1,2,0,0,2,7,0,1,0,1963,0.597048882421346,53,0,0,1,0
305037858,0,0,1,0,4,7,0,0,0,1954,0.888151641760821,62,0,0,1,0
305037859,1,4,0,1,3,6,0,1,0,1982,0.799014928570283,34,0,1,0,0
305037861,1,1,0,1,2,6,1,1,0,1990,0.215742234182097,26,1,0,0,0
305037864,0,0,0,1,3,4,1,0,1,1947,0.179870024895098,69,0,0,0,1
305037865,1,24,1,0,4,9,1,0,0,1962,0.886326848276275,54,0,0,1,0
305037866,1,1,0,1,4,3,1,1,0,1954,0.164296959808158,62,0,0,1,0
305037870,1,14,0,1,3,2,1,0,0,1985,0.362496553992698,31,0,1,0,0
305037871,0,0,0,0,1,5,1,1,1,1973,2.31263374966074,43,0,1,0,0
305037872,0,0,0,1,3,8,0,1,1,1973,1.65455274336896,43,0,1,0,0
305037874,0,0,1,0,4,8,0,0,1,1957,2.21271987171553,59,0,0,1,0
305037876,0,0,0,1,4,2,1,1,0,1966,0.164296959808158,50,0,0,1,0
305037877,0,0,0,1,3,7,1,1,0,1951,0.313940871768742,65,0,0,0,1
305037878,0,0,0,0,NA,7,0,0,0,1957,4.98824986801189,59,0,0,1,0
305037879,1,2,0,0,3,7,0,0,0,1979,1.97748364024563,37,0,1,0,0
305037883,0,0,0,1,4,3,0,1,0,1943,0.635317566779222,73,0,0,0,1
305037884,1,2,1,0,2,7,0,0,0,1974,6.95290916424328,42,0,1,0,0
305037889,0,0,0,1,1,8,1,1,1,1967,1.17151591120368,49,0,0,1,0
305037891,1,1319,1,0,4,10,0,1,0,1953,0.214059416290229,63,0,0,1,0
305037898,0,0,0,1,3,NA,0,1,0,1996,1.11222716160784,20,1,0,0,0
305037899,0,0,1,0,3,4,0,1,0,1950,0.2037314984261,66,0,0,0,1
305037902,1,5,1,0,2,8,0,1,0,1969,5.60054824967844,47,0,0,1,0
305037903,1,10,0,0,4,1,1,1,0,1963,0.240050695413558,53,0,0,1,0
305037906,1,10,0,1,3,3,0,0,0,1961,2.27955653285726,55,0,0,1,0
305037908,1,9,0,0,3,4,1,1,0,1975,0.947141199315331,41,0,1,0,0
305037909,1,4,0,1,4,5,1,0,0,1968,0.739795079850535,48,0,0,1,0
305037911,1,10,0,0,4,4,1,0,0,1985,1.0418378769947,31,0,1,0,0
305037912,0,0,0,1,4,6,1,1,0,1972,0.837943077222667,44,0,1,0,0
305037913,0,0,0,1,4,6,1,0,1,1948,0.150133057222372,68,0,0,0,1
305037915,1,6,0,0,4,2,1,0,0,1948,0.165128215662243,68,0,0,0,1
305037916,0,0,1,0,4,7,1,1,0,1973,0.254191338530137,43,0,1,0,0
305037917,0,0,0,0,4,4,1,0,0,1981,1.4094723009475,35,0,1,0,0
305037918,1,20,1,0,4,8,1,1,0,1955,0.649508394848436,61,0,0,1,0
305037921,0,0,0,0,2,8,1,0,1,1961,0.747262805003517,55,0,0,1,0
305037926,1,2,0,1,3,1,0,0,1,1931,9.17462772514642,85,0,0,0,1
305037928,0,0,0,1,2,7,0,1,0,1977,4.68289751502958,39,0,1,0,0
305037931,0,0,0,1,4,NA,1,1,1,1987,0.356044815960858,29,1,0,0,0
305037932,1,18,0,1,4,2,1,1,1,1952,0.37668356987644,64,0,0,1,0
305037933,0,0,0,1,3,4,1,1,1,1990,1.48452832387637,26,1,0,0,0
305037935,0,0,1,0,4,NA,0,0,0,1942,0.270794003861219,74,0,0,0,1
305037936,0,0,0,1,4,4,0,1,0,1943,0.476757937562201,73,0,0,0,1
305037937,0,0,0,1,4,9,1,0,1,1962,0.451719034776048,54,0,0,1,0
305037939,0,0,0,1,4,6,1,1,0,1947,0.216449395400719,69,0,0,0,1
305037940,0,0,1,0,4,7,0,0,0,1962,0.888151641760821,54,0,0,1,0
305037942,1,3,0,1,4,4,1,1,0,1951,0.313940871768742,65,0,0,0,1
305037943,1,168,0,1,4,3,0,1,0,1952,0.724097897362051,64,0,0,1,0
305037945,0,0,0,1,2,8,0,1,1,1979,9.17462772514642,37,0,1,0,0
305037946,1,51,1,0,4,9,0,0,0,1968,0.198953084374713,48,0,0,1,0
305037947,0,0,0,1,4,6,0,0,0,1963,1.17233565661746,53,0,0,1,0
305037948,0,0,0,0,2,4,0,1,0,1955,0.822208703470755,61,0,0,1,0
305037950,1,1,0,0,4,3,1,0,1,1977,8.37301064995717,39,0,1,0,0
305037951,1,1,0,1,2,5,1,1,0,1964,0.401206502467145,52,0,0,1,0
305037952,1,7,0,0,4,3,0,1,0,1953,0.47756087630771,63,0,0,1,0
305037955,0,0,1,0,4,7,0,1,0,1958,0.822208703470755,58,0,0,1,0
305037960,0,0,1,0,4,4,1,0,0,1945,0.174482254792965,71,0,0,0,1
305037963,0,0,0,1,3,NA,0,1,1,1953,0.979492342935194,63,0,0,1,0
305037967,0,0,1,0,3,8,0,1,0,1952,0.220662274048938,64,0,0,1,0
305037969,0,0,0,1,4,4,1,0,1,1966,1.41316293797547,50,0,0,1,0
305037978,0,0,1,0,4,7,0,0,0,1989,0.635699927206072,27,1,0,0,0
305037979,1,4,0,1,2,6,0,1,0,1952,0.604386590387462,64,0,0,1,0
305037980,0,0,1,0,4,10,1,0,0,1979,0.711627079868102,37,0,1,0,0
305037990,1,6,0,1,3,3,0,1,0,1961,0.498341922626598,55,0,0,1,0
305037991,0,0,0,1,3,8,0,1,0,1986,0.799014928570283,30,0,1,0,0
305037993,1,2,1,0,4,9,1,0,0,1950,0.188664577315981,66,0,0,0,1
305037994,0,0,1,0,4,8,1,0,0,1958,0.302951427140516,58,0,0,1,0
305037995,1,1,1,0,2,5,0,1,0,1952,0.579183441386554,64,0,0,1,0
305037998,1,17,0,1,4,5,0,1,0,1945,0.220291267339017,71,0,0,0,1
305037999,1,2,0,1,4,3,0,1,0,1954,0.597048882421346,62,0,0,1,0
305038000,0,0,1,0,3,7,0,1,0,1955,0.760401504791784,61,0,0,1,0
305038001,0,0,0,1,4,8,0,1,0,1954,0.220662274048938,62,0,0,1,0
305038002,0,0,0,1,3,5,1,1,1,1955,1.01919780075924,61,0,0,1,0
305038004,0,0,0,1,4,8,1,1,0,1968,0.401206502467145,48,0,0,1,0
305038005,0,0,0,0,2,5,0,1,1,1954,2.12097690296973,62,0,0,1,0
305038008,0,0,1,0,4,9,1,0,0,1960,0.741386213179421,56,0,0,1,0
305038010,0,0,0,1,4,8,0,1,0,1950,0.596045044576912,66,0,0,0,1
305038014,1,32,1,0,4,5,0,1,0,1952,0.822208703470755,64,0,0,1,0
305038015,0,0,0,1,3,2,0,1,0,1949,1.48099218750231,67,0,0,0,1
305038018,0,0,0,1,4,NA,1,1,0,1973,0.30969394699081,43,0,1,0,0
305038019,0,0,0,1,3,7,0,0,0,1957,0.538310035968624,59,0,0,1,0
305038022,1,17,0,1,4,2,1,0,0,1991,0.429967914495965,25,1,0,0,0
305038023,0,0,1,0,4,8,1,0,0,1963,0.739795079850535,53,0,0,1,0
305038024,1,26,0,1,4,1,0,0,0,1955,1.46565962232458,61,0,0,1,0
305038027,1,19,0,1,4,9,0,0,0,1963,0.74131818980059,53,0,0,1,0
305038029,1,1,0,0,2,7,0,1,0,1991,6.42648251170755,25,1,0,0,0
305038030,0,0,0,1,3,4,1,0,1,1971,0.198094151894602,45,0,0,1,0
305038031,1,62,1,0,4,9,1,0,0,1967,0.857208665949672,49,0,0,1,0
305038032,0,0,0,0,4,4,1,0,1,1962,0.214195704201031,54,0,0,1,0
305038033,0,0,1,0,4,9,1,1,0,1970,0.177651397921737,46,0,0,1,0
305038034,1,2,0,1,2,5,1,1,0,1981,0.837943077222667,35,0,1,0,0
305038036,0,0,0,1,4,8,1,0,0,1961,0.273419596713742,55,0,0,1,0
305038041,0,0,1,0,4,5,0,0,0,1942,0.324430376075113,74,0,0,0,1
305038042,0,0,0,1,3,2,0,1,0,1966,0.929197810352486,50,0,0,1,0
305038043,1,4,1,0,4,10,1,0,1,1950,0.126719866314092,66,0,0,0,1
305038044,1,5,0,0,4,9,0,1,0,1959,0.184181337807281,57,0,0,1,0
305038046,1,3,0,1,4,3,1,1,0,1980,0.304539208322475,36,0,1,0,0
305038048,0,0,0,1,3,5,1,1,1,1963,0.65925897715778,53,0,0,1,0
305038050,1,2,1,0,3,10,1,0,0,1985,2.9681262065744898,31,0,1,0,0
305038051,0,0,1,0,4,4,0,0,0,1950,0.732690977959765,66,0,0,0,1
305038052,1,2,0,1,3,5,0,1,0,1964,0.760401504791784,52,0,0,1,0
305038053,0,0,1,0,3,6,0,1,0,1970,1.07993319665392,46,0,0,1,0
305038056,0,0,0,0,3,10,0,0,1,1966,0.221301347000802,50,0,0,1,0
305038057,0,0,0,0,3,2,0,1,0,1966,0.890449910848929,50,0,0,1,0
305038060,1,1,1,0,3,9,0,0,0,1954,1.90268940913689,62,0,0,1,0
305038061,1,15,1,0,4,10,0,0,0,1952,0.903528971761496,64,0,0,1,0
305038062,0,0,1,0,3,9,1,0,0,1965,1.27643244526709,51,0,0,1,0
305038064,0,0,1,0,4,9,0,1,0,1954,0.220662274048938,62,0,0,1,0
305038067,1,5,0,1,4,3,0,1,0,1945,1.92259383232915,71,0,0,0,1
305038069,0,0,0,1,4,7,0,1,1,1984,0.320211107346165,32,0,1,0,0
305038071,1,1,0,1,4,4,1,1,0,1965,0.661946072044031,51,0,0,1,0
305038073,0,0,0,0,2,8,0,1,0,1950,6.42648251170755,66,0,0,0,1
305038075,1,1,1,0,4,5,0,1,0,1962,0.498341922626598,54,0,0,1,0
305038078,0,0,1,0,2,2,0,1,0,1937,0.596045044576912,79,0,0,0,1
305038080,1,161,0,1,4,3,0,0,0,1953,0.190656665643001,63,0,0,1,0
305038082,1,2,1,0,4,10,0,0,1,1956,0.598778030701633,60,0,0,1,0
305038085,1,63,1,0,4,9,0,0,0,1948,2.0718294599974,68,0,0,0,1
305038086,1,297,1,0,4,10,0,1,1,1969,0.333276241673674,47,0,0,1,0
305038089,1,17,1,0,4,4,1,0,1,1984,3.92917738243807,32,0,1,0,0
305038091,0,0,0,1,4,5,1,0,1,1960,0.634204829793255,56,0,0,1,0
305038093,0,0,0,0,2,7,1,1,1,1986,6.62262151762328,30,0,1,0,0
305038094,1,1,1,0,4,8,0,1,0,1964,0.223374204970815,52,0,0,1,0
305038095,0,0,1,0,4,8,0,1,0,1962,0.184181337807281,54,0,0,1,0
305038097,0,0,0,0,1,4,0,0,0,1959,5.20531340210792,57,0,0,1,0
305038099,0,0,0,0,3,NA,0,1,0,1969,0.657659231091596,47,0,0,1,0
305038100,1,2,1,0,4,5,0,1,0,1961,1.350137626719,55,0,0,1,0
305038105,1,1,1,0,4,5,0,0,0,1953,1.17233565661746,63,0,0,1,0
305038106,0,0,0,1,4,6,1,1,1,1986,1.47116350808745,30,0,1,0,0
305038109,0,0,0,0,1,6,0,0,0,1973,6.95290916424328,43,0,1,0,0
305038111,1,6,0,1,2,6,0,0,1,1991,9.17462772514642,25,1,0,0,0
305038118,0,0,0,1,3,5,0,0,0,1955,1.35548283255044,61,0,0,1,0
305038120,0,0,0,1,4,NA,0,1,1,1969,0.232606023601812,47,0,0,1,0
305038121,0,0,0,0,4,6,0,0,0,1948,0.270794003861219,68,0,0,0,1
305038122,1,2,0,1,4,6,1,1,0,1946,0.347849372478055,70,0,0,0,1
305038124,0,0,0,1,4,4,1,1,0,1989,1.37407076388271,27,1,0,0,0
305038126,0,0,0,1,4,4,1,0,0,1946,0.174482254792965,70,0,0,0,1
305038129,1,1,1,0,4,4,0,1,0,1966,0.184181337807281,50,0,0,1,0
305038130,1,445,1,0,4,6,1,0,0,1944,0.188664577315981,72,0,0,0,1
305038132,0,0,0,1,2,6,0,1,0,1995,1.3905116955367,21,1,0,0,0
305038135,0,0,1,0,2,6,1,0,0,1973,0.453194918554168,43,0,1,0,0
305038136,0,0,1,0,4,NA,1,0,0,1957,0.34256568296288,59,0,0,1,0
305038139,1,2,1,0,3,6,0,0,0,1970,4.09740796051543,46,0,0,1,0
305038141,1,6,1,0,4,9,0,1,0,1967,0.797605824975148,49,0,0,1,0
305038143,0,0,0,0,4,7,0,0,1,1993,9.17462772514642,23,1,0,0,0
305038145,0,0,1,0,2,4,0,1,0,1986,0.865331112294263,30,0,1,0,0
305038148,0,0,0,1,4,7,0,1,0,1963,0.47756087630771,53,0,0,1,0
305038149,1,3,0,1,4,4,1,0,0,1966,0.739795079850535,50,0,0,1,0
305038150,0,0,0,1,4,6,0,0,0,1933,0.324430376075113,83,0,0,0,1
305038153,0,0,0,1,2,7,0,1,1,1952,0.186054341170912,64,0,0,1,0
305038154,0,0,0,1,4,7,1,1,0,1941,0.347849372478055,75,0,0,0,1
305038156,1,3,0,1,4,1,1,1,0,1953,0.222005567744852,63,0,0,1,0
305038158,1,1,0,1,4,2,0,1,0,1974,0.580206665445287,42,0,1,0,0
305038159,1,93,0,1,4,2,1,0,0,1969,0.741386213179421,47,0,0,1,0
305038163,0,0,0,0,3,9,1,1,0,1982,1.53640520211564,34,0,1,0,0
305038164,1,3,0,1,4,2,1,1,0,1962,0.20036437317342,54,0,0,1,0
305038165,1,60,1,0,4,5,0,1,0,1955,0.552167432321024,61,0,0,1,0
305038166,1,6,0,1,4,4,1,0,0,1960,0.316814282937428,56,0,0,1,0
305038168,0,0,0,1,4,2,0,1,0,1963,0.204074615762758,53,0,0,1,0
305038169,1,6,0,0,4,6,1,1,0,1977,0.30969394699081,39,0,1,0,0
305038170,0,0,0,1,4,NA,1,0,0,1971,0.262017896303204,45,0,0,1,0
305038171,0,0,0,1,4,6,0,0,1,1983,3.68017046690025,33,0,1,0,0
305038174,1,2,0,0,2,8,0,0,0,1975,2.47225946677928,41,0,1,0,0
305038175,0,0,0,1,4,2,1,0,0,1969,0.92688457531047,47,0,0,1,0
305038178,0,0,0,1,4,4,1,1,0,1947,0.200178428274,69,0,0,0,1
305038179,0,0,0,1,3,7,1,0,0,1958,0.708945345716529,58,0,0,1,0
305038180,1,45,1,0,3,9,0,1,0,1980,1.08184107859543,36,0,1,0,0
305038181,0,0,1,0,4,2,0,0,1,1949,2.34865960966241,67,0,0,0,1
305038182,0,0,1,0,2,4,0,0,0,1958,1.46565962232458,58,0,0,1,0
305038187,0,0,1,0,4,10,0,0,0,1953,0.190656665643001,63,0,0,1,0
305038188,0,0,0,0,3,7,0,1,1,1953,0.938647142434603,63,0,0,1,0
305038191,1,1,1,0,3,6,1,1,0,1991,0.646785591362019,25,1,0,0,0
305038194,0,0,0,1,3,5,1,0,0,1972,0.711627079868102,44,0,1,0,0
305038195,0,0,0,1,3,4,0,1,0,1962,0.797605824975148,54,0,0,1,0
305038197,0,0,0,1,4,3,1,1,0,1981,0.304539208322475,35,0,1,0,0
305038205,0,0,0,1,4,1,1,0,0,1978,0.19098466004512,38,0,1,0,0
305038208,0,0,0,1,3,7,1,1,1,1980,1.13444196883644,36,0,1,0,0
305038210,0,0,0,0,4,NA,0,1,0,1997,1.02698966148326,19,1,0,0,0
305038211,0,0,0,1,4,5,1,1,0,1988,0.832826341302123,28,1,0,0,0
305038212,0,0,0,0,4,8,0,1,0,1956,0.204074615762758,60,0,0,1,0
305038214,0,0,0,1,4,2,0,1,0,1959,0.184181337807281,57,0,0,1,0
305038218,0,0,0,1,1,7,1,0,1,1975,2.40122086800348,41,0,1,0,0
305038219,1,14,0,1,3,9,0,1,0,1972,0.666917981817887,44,0,1,0,0
305038220,1,16,0,0,4,5,1,0,1,1948,0.126719866314092,68,0,0,0,1
305038223,0,0,1,0,4,6,0,1,0,1987,1.11222716160784,29,1,0,0,0
305038228,0,0,0,1,4,3,1,0,1,1947,0.114367161330941,69,0,0,0,1
305038231,0,0,0,1,4,2,1,0,0,1969,0.34256568296288,47,0,0,1,0
305038233,1,4,1,0,4,10,1,1,0,1966,0.164296959808158,50,0,0,1,0
305038236,1,1,1,0,4,8,0,0,0,1947,2.24023256579881,69,0,0,0,1
305038238,1,4,0,1,4,6,1,1,0,1972,0.906053034829538,44,0,1,0,0
305038241,1,2,0,1,4,2,1,1,0,1953,0.222005567744852,63,0,0,1,0
305038243,1,76,0,0,2,3,1,0,1,1987,0.933351613566569,29,1,0,0,0
305038245,1,72,1,0,3,8,0,0,0,1951,4.65579653931999,65,0,0,0,1
305038247,1,1,0,1,4,1,1,0,0,1951,0.190925235649378,65,0,0,0,1
305038251,0,0,0,1,3,6,1,1,0,1944,0.347849372478055,72,0,0,0,1
305038257,0,0,0,1,4,6,0,1,0,1952,0.220662274048938,64,0,0,1,0
305038258,1,23,1,0,4,10,1,1,0,1963,0.240050695413558,53,0,0,1,0
305038259,0,0,1,0,2,8,0,0,0,1960,1.22334980536811,56,0,0,1,0
305038260,1,36,0,1,4,3,0,1,0,1937,1.92259383232915,79,0,0,0,1
305038264,1,1,0,1,4,1,1,0,0,1981,0.206508336357776,35,0,1,0,0
305038266,1,1,0,1,4,2,1,0,0,1976,0.769469780117344,40,0,1,0,0
305038268,0,0,0,0,3,2,1,1,1,1987,1.39614632365721,29,1,0,0,0
305038270,0,0,0,1,4,3,1,0,0,1984,1.4094723009475,32,0,1,0,0
305038272,0,0,0,1,4,2,1,0,0,1990,2.07873878911361,26,1,0,0,0
305038273,0,0,1,0,4,5,0,1,0,1974,0.639107250186059,42,0,1,0,0
305038275,1,1,0,1,4,6,0,0,0,1968,0.190656665643001,48,0,0,1,0
305038277,0,0,0,1,3,1,1,0,0,1972,0.64225737777385306,44,0,1,0,0
305038278,0,0,0,1,4,6,0,1,0,1977,0.214437587917895,39,0,1,0,0
305038281,1,6,1,0,4,9,0,1,0,1958,0.552167432321024,58,0,0,1,0
305038282,1,17,0,1,3,3,1,1,1,1986,0.368990260535682,30,0,1,0,0
305038285,0,0,1,0,1,6,0,1,0,1995,2.16267813569689,21,1,0,0,0
305038286,0,0,0,0,4,6,0,1,0,1986,0.639107250186059,30,0,1,0,0
305038289,0,0,0,1,4,5,1,1,0,1980,0.254191338530137,36,0,1,0,0
305038290,0,0,0,1,4,5,0,0,0,1944,0.324430376075113,72,0,0,0,1
305038296,0,0,1,0,2,NA,1,1,0,1974,0.906053034829538,42,0,1,0,0
305038298,0,0,0,1,4,4,1,0,0,1944,0.150906941665891,72,0,0,0,1
305038300,1,12,0,1,3,2,0,0,0,1960,0.238359871579992,56,0,0,1,0
305038302,1,6,0,0,4,7,1,1,0,1979,0.304539208322475,37,0,1,0,0
305038304,0,0,1,0,1,7,0,0,0,1965,1.82334654242936,51,0,0,1,0
305038305,0,0,0,0,3,5,1,0,1,1950,0.114367161330941,66,0,0,0,1
305038308,1,1,0,1,4,1,1,0,0,1987,0.515131983024443,29,1,0,0,0
305038310,0,0,0,0,3,9,0,0,1,1974,6.72194923171612,42,0,1,0,0
305038312,1,55,0,1,4,2,1,1,0,1964,0.222005567744852,52,0,0,1,0
305038313,0,0,0,0,4,2,1,0,0,1965,0.708945345716529,51,0,0,1,0
305038314,1,49,1,0,4,10,0,1,0,1957,0.220662274048938,59,0,0,1,0
305038318,0,0,0,1,3,5,0,0,0,1944,1.8698666672707,72,0,0,0,1
305038319,0,0,1,0,4,5,0,1,0,1968,0.822208703470755,48,0,0,1,0
305038323,1,26,0,1,3,4,1,0,0,1965,1.22057953750305,51,0,0,1,0
305038328,1,3,0,1,4,3,1,1,0,1947,0.200178428274,69,0,0,0,1
305038329,1,3,1,0,4,8,1,0,0,1947,0.190925235649378,69,0,0,0,1
305038330,1,7,0,0,4,3,0,0,0,1956,0.644933510063292,60,0,0,1,0
305038332,0,0,0,1,3,5,1,0,0,1972,0.615475002641093,44,0,1,0,0
305038334,1,123,0,1,4,2,0,1,0,1947,0.476757937562201,69,0,0,0,1
305038339,0,0,1,0,4,5,0,1,0,1976,0.198317852691629,40,0,1,0,0
305038343,0,0,0,1,3,4,0,1,1,1972,1.38101421758582,44,0,1,0,0
305038344,1,197,1,0,4,8,0,0,0,1946,0.732690977959765,70,0,0,0,1
305038346,1,99,1,0,4,10,0,1,0,1941,2.3034034401364,75,0,0,0,1
305038349,1,87,1,0,4,10,1,1,0,1955,0.192009103165981,61,0,0,1,0
305038350,0,0,0,1,4,6,0,0,1,1956,0.517873645415267,60,0,0,1,0
305038351,1,3,0,1,4,3,0,1,0,1959,0.498341922626598,57,0,0,1,0
305038352,1,32,1,0,3,5,1,1,0,1954,0.552510000319788,62,0,0,1,0
305038361,0,0,0,1,2,NA,1,1,0,1991,0.559394625097097,25,1,0,0,0
305038362,1,91,1,0,4,3,1,0,0,1966,1.22057953750305,50,0,0,1,0
305038363,0,0,1,0,3,6,0,0,0,1960,1.20252938427334,56,0,0,1,0
305038369,0,0,0,1,2,NA,0,0,0,1950,0.324430376075113,66,0,0,0,1
305038376,0,0,0,1,4,8,0,0,1,1987,9.17462772514642,29,1,0,0,0
305038377,1,1,0,1,4,4,1,0,0,1967,0.285931095593509,49,0,0,1,0
305038381,0,0,0,1,3,3,0,1,0,1997,1.72985913894745,19,1,0,0,0
305038382,1,119,0,0,4,3,1,0,0,1984,0.378270579991649,32,0,1,0,0
305038385,0,0,0,0,3,4,1,0,0,1981,1.6203819103065,35,0,1,0,0
305038388,1,16,0,1,4,1,1,1,0,1975,0.304539208322475,41,0,1,0,0
305038389,0,0,1,0,2,7,1,1,0,1959,0.542128579050687,57,0,0,1,0
305038390,1,62,0,1,4,1,1,0,0,1982,0.980811801091699,34,0,1,0,0
305038393,1,1,0,1,4,1,1,1,0,1958,0.240050695413558,58,0,0,1,0
305038398,0,0,0,1,3,6,1,1,0,1989,0.206745701564796,27,1,0,0,0
305038399,0,0,1,0,4,7,1,1,0,1954,0.649508394848436,62,0,0,1,0
305038400,1,10,0,0,2,2,0,1,0,1983,5.18869350398572,33,0,1,0,0
305038401,0,0,0,1,1,3,0,1,1,1966,2.82763439228771,50,0,0,1,0
305038403,1,4,0,1,3,4,0,1,0,1962,0.686277251581518,54,0,0,1,0
305038406,0,0,0,1,3,4,1,1,0,1994,1.04303538828028,22,1,0,0,0
305038407,1,301,1,0,4,10,0,0,0,1946,0.877815631575629,70,0,0,0,1
305038408,1,14,1,0,4,7,0,1,0,1952,0.832313617039639,64,0,0,1,0
305038410,0,0,0,1,2,4,0,1,0,1948,0.662963390458329,68,0,0,0,1
305038411,0,0,1,0,4,10,0,1,0,1949,0.497504044027158,67,0,0,0,1
305038412,0,0,0,1,3,8,0,0,0,1972,0.497803835126701,44,0,1,0,0
305038413,0,0,0,1,4,1,1,1,0,1966,0.177651397921737,50,0,0,1,0
305038422,0,0,1,0,3,9,0,1,0,1974,3.22559369722161,42,0,1,0,0
305038424,0,0,1,0,4,10,1,0,0,1965,1.27643244526709,51,0,0,1,0
305038427,0,0,0,1,3,4,1,1,0,1987,0.963100522357778,29,1,0,0,0
305038428,0,0,1,0,4,6,0,0,0,1980,3.84513234353595,36,0,1,0,0
305038433,1,3,0,1,3,6,1,1,0,1956,0.401206502467145,60,0,0,1,0
305038434,1,76,0,1,4,2,0,0,0,1944,0.259501791663904,72,0,0,0,1
305038435,0,0,0,1,4,1,1,0,1,1949,1.31398888541852,67,0,0,0,1
305038439,1,43,0,0,3,2,1,0,0,1939,3.32667331183298,77,0,0,0,1
305038440,1,36,1,0,4,9,1,1,0,1956,0.519521612627581,60,0,0,1,0
305038444,0,0,0,1,4,2,0,1,0,1995,0.220460578240942,21,1,0,0,0
305038445,0,0,0,0,4,2,1,0,0,1955,0.34256568296288,61,0,0,1,0
305038448,0,0,0,0,3,6,0,0,0,1954,0.74131818980059,62,0,0,1,0
305038451,1,1,0,0,3,7,0,1,0,1965,0.657659231091596,51,0,0,1,0
305038452,0,0,1,0,2,3,0,1,0,1950,0.820826297043295,66,0,0,0,1
305038457,1,1,1,0,4,9,1,1,0,1950,0.941180725088193,66,0,0,0,1
305038458,1,15,1,0,4,9,0,1,0,1950,0.912980973193812,66,0,0,0,1
305038460,1,21,0,1,4,1,1,0,0,1977,0.711627079868102,39,0,1,0,0
305038462,0,0,1,0,4,5,0,1,0,1987,6.42648251170755,29,1,0,0,0
305038463,1,6,0,1,3,6,0,1,0,1998,6.01902062371541,18,1,0,0,0
305038464,0,0,0,1,3,2,0,0,0,1969,0.786053976847331,47,0,0,1,0
305038466,0,0,0,1,4,6,0,1,0,1952,0.832313617039639,64,0,0,1,0
305038467,1,130,0,1,4,2,1,1,0,1953,0.192009103165981,63,0,0,1,0
305038471,0,0,0,1,3,2,1,1,0,1991,6.42648251170755,25,1,0,0,0
305038472,0,0,0,1,4,4,1,1,0,1976,0.279504852940136,40,0,1,0,0
305038474,1,2,0,0,4,9,0,1,0,1964,0.184181337807281,52,0,0,1,0
305038475,0,0,0,1,4,2,0,1,0,1946,0.183871667690523,70,0,0,0,1
305038476,1,2,1,0,4,7,0,0,0,1952,0.538310035968624,64,0,0,1,0
305038477,0,0,0,1,4,1,1,0,0,1939,0.150906941665891,77,0,0,0,1
305038480,0,0,0,1,4,NA,1,0,0,1977,1.02349179537051,39,0,1,0,0
305038482,0,0,0,1,4,6,0,1,0,1968,0.223374204970815,48,0,0,1,0
305038487,1,4,0,1,3,8,1,1,1,1985,0.631101249675599,31,0,1,0,0
305038488,1,1,0,1,4,5,0,1,0,1957,0.184181337807281,59,0,0,1,0
305038494,0,0,0,1,4,NA,1,0,0,1988,2.59884913622299,28,1,0,0,0
305038498,1,2,0,1,3,2,0,1,0,1956,0.204074615762758,60,0,0,1,0
305038499,0,0,0,1,4,5,1,1,0,1964,0.20036437317342,52,0,0,1,0
305038501,0,0,1,0,3,8,0,1,0,1938,0.596045044576912,78,0,0,0,1
305038502,1,1,0,1,4,3,1,0,0,1970,0.274007660956059,46,0,0,1,0
305038503,1,2,0,1,4,9,0,0,1,1997,6.38387703935207,19,1,0,0,0
305038507,1,3,1,0,4,7,0,0,0,1992,2.368678629808,24,1,0,0,0
305038510,0,0,0,0,3,7,0,1,0,1974,1.87175522414577,42,0,1,0,0
305038512,1,37,1,0,4,9,0,0,0,1955,1.46565962232458,61,0,0,1,0
305038513,0,0,0,1,4,1,1,0,0,1947,0.190925235649378,69,0,0,0,1
305038515,1,6,0,1,4,2,0,1,0,1975,0.198317852691629,41,0,1,0,0
305038517,0,0,0,0,4,1,0,0,1,1971,0.221301347000802,45,0,0,1,0
305038519,0,0,0,1,4,3,0,0,1,1977,2.83487006902188,39,0,1,0,0
305038521,0,0,0,1,3,3,0,1,1,1997,3.64921932540872,19,1,0,0,0
305038526,0,0,0,1,4,NA,1,1,0,1960,0.177651397921737,56,0,0,1,0
305038528,1,6,0,1,4,3,0,0,0,1952,0.220441846779659,64,0,0,1,0
305038530,0,0,0,1,3,1,0,1,0,1996,0.949788637241362,20,1,0,0,0
305038534,1,28,1,0,4,5,0,0,0,1959,0.74131818980059,57,0,0,1,0
305038536,1,2,0,0,4,6,1,0,0,1984,0.833333792520241,32,0,1,0,0
305038540,0,0,0,0,3,7,1,1,1,1991,0.482073480675302,25,1,0,0,0
305038543,0,0,1,0,4,10,0,0,0,1951,0.270794003861219,65,0,0,0,1
305038544,0,0,1,0,4,4,1,1,0,1957,0.542128579050687,59,0,0,1,0
305038545,0,0,0,0,2,1,0,1,0,1965,3.89088035735259,51,0,0,1,0
305038548,1,5,0,1,3,8,0,1,0,1976,1.08184107859543,40,0,1,0,0
305038555,1,10,0,1,3,2,1,1,1,1968,0.243654396432066,48,0,0,1,0
305038556,1,7,0,1,4,6,1,0,0,1970,0.34256568296288,46,0,0,1,0
305038558,0,0,0,1,3,6,0,0,0,1973,3.37828269844969,43,0,1,0,0
305038562,0,0,0,1,4,NA,1,0,1,1976,1.4802704453292,40,0,1,0,0
305038566,0,0,0,1,4,2,1,0,1,1983,1.06471112337648,33,0,1,0,0
305038571,0,0,1,0,4,7,0,0,0,1972,1.97748364024563,44,0,1,0,0
305038574,1,1,0,0,4,7,1,1,0,1993,0.890702182274645,23,1,0,0,0
305038576,1,1,0,0,3,8,0,0,0,1947,0.324430376075113,69,0,0,0,1
305038580,0,0,1,0,3,5,0,1,0,1949,1.23614751797496,67,0,0,0,1
305038583,0,0,0,1,4,1,1,0,1,1991,1.05701105117202,25,1,0,0,0
305038584,1,27,1,0,3,6,0,1,0,1958,1.350137626719,58,0,0,1,0
305038586,1,3,0,1,4,2,1,0,0,1956,0.274007660956059,60,0,0,1,0
305038587,0,0,0,1,4,2,0,0,0,1939,0.300042246118665,77,0,0,0,1
305038588,0,0,1,0,3,8,0,1,0,1977,1.08184107859543,39,0,1,0,0
305038589,1,222,0,0,4,9,1,0,1,1985,6.11109280385714,31,0,1,0,0
305038591,0,0,0,1,NA,5,0,1,1,1979,0.655801388293505,37,0,1,0,0
305038594,0,0,1,0,4,8,0,0,0,1968,0.238359871579992,48,0,0,1,0
305038596,1,1,0,1,3,7,0,1,0,1947,0.596045044576912,69,0,0,0,1
305038601,1,3,0,1,4,7,1,1,1,1985,0.85199882597677,31,0,1,0,0
305038606,0,0,0,0,2,5,0,1,1,1979,1.65455274336896,37,0,1,0,0
305038607,0,0,0,1,4,6,1,1,0,1939,0.216449395400719,77,0,0,0,1
305038609,1,1,0,1,4,6,0,1,0,1958,0.223374204970815,58,0,0,1,0
305038618,1,1,0,0,2,6,0,1,0,1993,1.02698966148326,23,1,0,0,0
305038619,0,0,0,1,4,9,0,1,1,1981,0.141787210576857,35,0,1,0,0
305038620,0,0,0,0,3,7,0,0,0,1977,3.20943678356832,39,0,1,0,0
305038621,1,112,1,0,3,5,0,1,0,1961,0.929197810352486,55,0,0,1,0
305038622,1,2,0,1,4,5,0,1,0,1983,0.178985746381482,33,0,1,0,0
305038623,1,3,0,1,3,3,0,1,0,1992,0.230053913279891,24,1,0,0,0
305038624,0,0,1,0,3,5,0,1,0,1994,2.16267813569689,22,1,0,0,0
305038628,0,0,0,1,3,6,1,1,0,1975,0.243591463745344,41,0,1,0,0
305038629,0,0,0,1,4,2,0,1,0,1958,0.204074615762758,58,0,0,1,0
305038635,1,3,0,1,3,1,1,1,1,1982,3.11087138109693,34,0,1,0,0
305038636,1,45,1,0,3,5,0,0,0,1942,0.324430376075113,74,0,0,0,1
305038637,0,0,1,0,1,8,0,1,0,1960,0.184181337807281,56,0,0,1,0
305038641,1,9,0,1,3,3,0,0,1,1993,5.36199119458919,23,1,0,0,0
305038642,1,13,0,1,4,5,1,1,0,1952,0.401206502467145,64,0,0,1,0
305038643,0,0,0,0,2,9,0,1,0,1971,6.42648251170755,45,0,0,1,0
305038644,1,12,0,1,4,1,1,1,0,1952,0.222005567744852,64,0,0,1,0
305038645,1,2,0,0,3,7,1,1,0,1963,0.827213944048727,53,0,0,1,0
305038646,1,3,0,1,4,5,1,1,0,1993,0.206745701564796,23,1,0,0,0
305038647,1,106,1,0,3,10,1,0,1,1945,0.126719866314092,71,0,0,0,1
305038649,0,0,0,0,4,9,0,1,0,1976,0.799014928570283,40,0,1,0,0
305038650,1,7,0,0,4,9,1,0,0,1952,0.327576022080632,64,0,0,1,0
305038652,0,0,0,0,1,7,1,1,0,1991,6.25424287501719,25,1,0,0,0
305038654,0,0,0,0,3,6,0,0,0,1967,1.90268940913689,49,0,0,1,0
305038656,0,0,0,1,4,3,1,1,1,1967,0.282584668965839,49,0,0,1,0
305038657,0,0,0,1,4,1,1,0,0,1943,0.190925235649378,73,0,0,0,1
305038664,1,4,1,0,3,7,0,1,0,1980,1.00051675521918,36,0,1,0,0
305038666,1,3,0,1,4,6,0,1,0,1975,6.42648251170755,41,0,1,0,0
305038667,0,0,0,1,4,8,0,1,0,1955,0.579183441386554,61,0,0,1,0
305038668,1,6,0,1,3,5,0,0,0,1938,1.8698666672707,78,0,0,0,1
305038669,0,0,1,0,2,NA,0,1,0,1982,0.214437587917895,34,0,1,0,0
305038670,0,0,0,1,3,6,0,1,0,1949,2.3034034401364,67,0,0,0,1
305038672,0,0,0,1,4,3,1,1,1,1989,0.142321328699822,27,1,0,0,0
305038673,0,0,0,0,3,8,1,1,0,1988,1.86044859002226,28,1,0,0,0
305038685,0,0,1,0,4,5,0,0,0,1952,0.644933510063292,64,0,0,1,0
305038692,0,0,0,1,4,6,0,1,0,1991,0.275620865080889,25,1,0,0,0
305038699,0,0,0,0,4,5,0,1,1,1975,0.597058859163138,41,0,1,0,0
305038702,0,0,0,1,4,4,0,0,1,1966,2.78744569693662,50,0,0,1,0
305038703,1,2,0,1,2,7,1,1,0,1973,0.279504852940136,43,0,1,0,0
305038705,0,0,0,1,4,NA,0,0,0,1951,0.324430376075113,65,0,0,0,1
305038713,0,0,0,1,4,2,1,0,1,1985,1.26545092911079,31,0,1,0,0
305038714,1,2,0,1,3,2,1,1,1,1990,0.309752594846273,26,1,0,0,0
305038717,1,7,0,1,4,5,0,0,1,1963,1.10483679965477,53,0,0,1,0
305038719,1,2,0,1,3,6,1,1,0,1986,0.7620542905454,30,0,1,0,0
305038721,1,2,0,1,4,6,1,0,1,1967,0.634204829793255,49,0,0,1,0
305038723,1,2,1,0,4,9,0,0,0,1972,2.47225946677928,44,0,1,0,0
305038724,0,0,0,1,4,1,1,0,0,1984,0.466376782449595,32,0,1,0,0
305038728,0,0,1,0,4,5,0,1,0,1955,0.822208703470755,61,0,0,1,0
305038729,0,0,1,0,3,8,0,0,1,1986,1.51974630698629,30,0,1,0,0
305038731,0,0,0,0,3,NA,0,0,0,1985,0.453202599206877,31,0,1,0,0
305038732,1,1,0,1,4,6,1,1,1,1975,0.314888787103336,41,0,1,0,0
305038738,1,13,0,1,4,1,0,0,0,1953,0.238359871579992,63,0,0,1,0
305038739,1,17,0,1,4,2,0,0,0,1970,0.644933510063292,46,0,0,1,0
305038742,1,8,0,1,3,3,0,1,0,1974,0.214437587917895,42,0,1,0,0
305038745,0,0,0,0,3,6,1,1,1,1988,0.924790052307156,28,1,0,0,0
305038750,0,0,0,0,3,8,0,1,0,1994,2.16267813569689,22,1,0,0,0
305038752,1,12,0,0,3,3,1,1,0,1972,1.15394921821381,44,0,1,0,0
305038758,1,32,0,0,3,8,0,0,0,1970,1.20252938427334,46,0,0,1,0
305038760,0,0,0,1,4,5,1,1,0,1950,0.300849418889898,66,0,0,0,1
305038761,1,1,0,1,4,3,0,0,0,1947,0.270794003861219,69,0,0,0,1
305038765,0,0,1,0,2,6,1,1,0,1989,0.770354225543977,27,1,0,0,0
305038766,1,10,1,0,4,4,0,0,0,1964,2.10819735977686,52,0,0,1,0
305038769,1,16,0,1,3,4,1,0,0,1968,0.273419596713742,48,0,0,1,0
305038773,0,0,0,1,NA,9,1,1,0,1963,3.13248079042553,53,0,0,1,0
305038774,0,0,0,0,1,NA,0,1,0,1985,0.865331112294263,31,0,1,0,0
305038777,0,0,0,0,4,6,0,0,0,1993,6.95290916424328,23,1,0,0,0
305038779,1,4,1,0,3,4,1,1,0,1980,1.42091031477413,36,0,1,0,0
305038780,0,0,0,1,2,3,1,1,0,1995,1.08842303997335,21,1,0,0,0
305038782,0,0,1,0,3,8,0,0,0,1980,3.07560205799406,36,0,1,0,0
305038784,0,0,0,0,3,6,1,0,0,1987,0.47640840264116,29,1,0,0,0
305038787,0,0,0,0,3,2,0,1,0,1946,0.476757937562201,70,0,0,0,1
305038789,1,2,0,0,1,8,1,1,0,1993,1.04303538828028,23,1,0,0,0
305038791,0,0,1,0,4,5,1,1,0,1980,0.72472371029261,36,0,1,0,0
305038795,0,0,0,0,4,8,0,1,0,1950,3.24216118579496,66,0,0,0,1
305038799,1,1,0,1,4,3,1,1,0,1957,0.444540493663773,59,0,0,1,0
305038805,0,0,0,1,1,9,0,0,1,1984,9.17462772514642,32,0,1,0,0
305038809,0,0,0,0,3,7,0,1,0,1983,1.08184107859543,33,0,1,0,0
305038825,0,0,0,0,2,7,0,1,0,1991,6.42648251170755,25,1,0,0,0
305038826,0,0,0,1,1,NA,1,1,0,1979,0.99803242206504,37,0,1,0,0
305038828,1,70,1,0,4,10,0,1,0,1945,0.220291267339017,71,0,0,0,1
305038834,0,0,0,0,1,5,0,1,0,1964,0.724097897362051,52,0,0,1,0
305038835,1,2,0,1,4,1,1,1,0,1989,0.215742234182097,27,1,0,0,0
305038839,1,1,0,1,4,8,0,1,0,1949,1.92259383232915,67,0,0,0,1
305038840,0,0,1,0,3,NA,0,1,0,1975,1.08184107859543,41,0,1,0,0
305038843,0,0,0,1,4,5,0,0,0,1951,0.285504730258385,65,0,0,0,1
305038845,0,0,0,1,4,3,0,0,0,1972,0.490039958042293,44,0,1,0,0
305038846,0,0,1,0,3,5,0,0,0,1951,4.20194756690044,65,0,0,0,1
305038853,0,0,0,1,4,5,0,1,1,1998,9.17462772514642,18,1,0,0,0
305038876,0,0,1,0,3,8,0,1,0,1973,1.08184107859543,43,0,1,0,0
305038888,1,1,1,0,4,8,1,1,0,1961,0.519521612627581,55,0,0,1,0
305038892,0,0,0,0,3,7,1,1,0,1982,0.99803242206504,34,0,1,0,0
305038899,0,0,0,1,3,NA,0,0,1,1997,3.15976736584724,19,1,0,0,0
305038900,0,0,1,0,4,8,0,1,0,1990,6.42648251170755,26,1,0,0,0
305038901,0,0,0,1,4,1,1,0,0,1968,0.285931095593509,48,0,0,1,0
305038906,1,10,0,0,2,4,0,1,0,1971,0.176500906484396,45,0,0,1,0
305038910,0,0,0,1,4,1,0,0,0,1947,0.324430376075113,69,0,0,0,1
305038912,1,5,0,1,4,1,1,0,0,1977,1.13403831986021,39,0,1,0,0
305038915,0,0,0,1,4,2,1,0,0,1979,1.13403831986021,37,0,1,0,0
305038918,1,33,0,1,4,2,1,1,0,1982,0.687768923096234,34,0,1,0,0
305038919,0,0,0,0,2,7,1,1,0,1970,0.894451812816273,46,0,0,1,0
305038922,0,0,0,1,2,7,0,1,0,1971,1.350137626719,45,0,0,1,0
305038924,0,0,0,0,1,4,1,0,0,1988,3.37377290887869,28,1,0,0,0
305038925,0,0,1,0,4,3,0,0,0,1954,1.22334980536811,62,0,0,1,0
305038927,1,2,0,0,4,3,0,0,0,1988,1.89463254257322,28,1,0,0,0
305038929,0,0,1,0,4,9,1,0,0,1940,0.206444081809265,76,0,0,0,1
305038932,0,0,1,0,4,8,0,0,0,1960,0.198953084374713,56,0,0,1,0
305038933,0,0,0,1,4,6,0,1,0,1951,0.685123391157029,65,0,0,0,1
305038943,0,0,0,0,3,9,1,1,0,1972,0.30969394699081,44,0,1,0,0
305038946,0,0,1,0,4,2,1,0,0,1950,0.206444081809265,66,0,0,0,1
305038951,0,0,0,1,3,3,1,1,1,1983,0.761852685827117,33,0,1,0,0
305038952,0,0,0,0,3,8,0,1,0,1981,0.865331112294263,35,0,1,0,0
305038965,0,0,1,0,4,2,1,0,1,1973,2.40122086800348,43,0,1,0,0
305038968,1,1,0,1,3,7,0,1,0,1956,0.686277251581518,60,0,0,1,0
305038970,0,0,0,1,4,NA,1,1,0,1983,0.334866589589114,33,0,1,0,0
305038971,1,81,0,0,3,5,0,1,0,1971,0.822208703470755,45,0,0,1,0
305038975,0,0,1,0,4,8,0,1,0,1985,1.08184107859543,31,0,1,0,0
305038978,0,0,0,1,4,5,0,1,0,1963,0.797605824975148,53,0,0,1,0
305038984,1,1,1,0,3,5,0,1,0,1991,1.80513390427068,25,1,0,0,0
305038991,1,1,0,0,4,3,1,1,0,1985,6.42648251170755,31,0,1,0,0
305038992,1,1,0,1,4,4,0,1,1,1964,0.723423264202172,52,0,0,1,0
305038994,0,0,0,1,4,6,0,1,1,1953,1.17350112871782,63,0,0,1,0
305039000,1,30,1,0,3,5,0,1,1,1964,3.5669110955148,52,0,0,1,0
305039008,1,5,0,0,3,3,0,1,0,1944,2.3034034401364,72,0,0,0,1
305039013,0,0,0,1,4,4,1,1,0,1964,0.519521612627581,52,0,0,1,0
305039017,1,2,0,1,3,3,0,0,0,1987,1.43565965366243,29,1,0,0,0
305039019,1,2,1,0,4,3,0,1,0,1953,0.797605824975148,63,0,0,1,0
305039020,0,0,1,0,2,8,0,0,0,1955,1.46565962232458,61,0,0,1,0
305039022,1,2,0,0,2,6,0,0,1,1990,9.17462772514642,26,1,0,0,0
305039023,1,68,0,1,4,1,0,1,0,1958,0.267618101918169,58,0,0,1,0
305039031,1,12,1,0,4,3,0,0,0,1996,6.95290916424328,20,1,0,0,0
305039032,0,0,0,0,2,8,0,1,0,1985,5.18869350398572,31,0,1,0,0
305039033,0,0,0,1,3,8,0,0,1,1979,9.17462772514642,37,0,1,0,0
305039034,0,0,0,1,4,5,1,1,0,1980,0.334866589589114,36,0,1,0,0
305039035,1,8,0,1,3,5,1,1,1,1986,0.823777839867834,30,0,1,0,0
305039040,0,0,0,1,4,6,1,0,0,1968,0.302951427140516,48,0,0,1,0
305039041,0,0,0,1,4,5,0,1,1,1997,6.62262151762328,19,1,0,0,0
305039042,0,0,0,1,4,1,1,0,0,1984,0.362496553992698,32,0,1,0,0
305039043,0,0,0,1,4,7,1,0,0,1971,0.285931095593509,45,0,0,1,0
305039045,1,44,1,0,4,9,1,0,0,1986,1.90838115757845,30,0,1,0,0
305039049,0,0,0,1,4,7,0,0,0,1956,0.710404941406628,60,0,0,1,0
305039051,1,1,0,1,3,4,0,1,0,1996,1.16062569111302,20,1,0,0,0
305039058,0,0,0,0,4,8,0,0,0,1948,0.877815631575629,68,0,0,0,1
305039061,1,17,0,1,4,2,1,1,0,1960,0.519521612627581,56,0,0,1,0
305039062,0,0,0,0,3,7,0,1,0,1956,0.204074615762758,60,0,0,1,0
305039064,0,0,0,0,3,7,0,1,0,1985,6.42648251170755,31,0,1,0,0
305039065,0,0,1,0,2,8,0,1,0,1958,0.552167432321024,58,0,0,1,0
305039068,0,0,1,0,4,8,0,0,0,1973,1.67405165272807,43,0,1,0,0
305039069,1,291,1,0,4,10,1,0,0,1955,0.273419596713742,61,0,0,1,0
305039071,1,1,0,1,3,2,0,1,0,1995,1.11222716160784,21,1,0,0,0
305039072,0,0,0,0,4,8,0,0,0,1993,6.95290916424328,23,1,0,0,0
305039076,0,0,1,0,2,4,0,0,0,1982,3.37828269844969,34,0,1,0,0
305039078,0,0,0,1,4,1,1,1,1,1952,0.37668356987644,64,0,0,1,0
305039079,1,115,1,0,2,9,0,0,0,1969,0.903528971761496,47,0,0,1,0
305039080,0,0,0,1,4,1,0,1,0,1973,0.214437587917895,43,0,1,0,0
305039089,1,10,0,1,4,2,1,1,0,1960,0.142097841176297,56,0,0,1,0
305039101,0,0,1,0,4,5,0,1,0,1962,0.498341922626598,54,0,0,1,0
305039108,1,26,1,0,4,10,1,0,0,1957,0.741386213179421,59,0,0,1,0
305039109,1,19,1,0,2,9,1,0,0,1980,1.56170826897284,36,0,1,0,0
305039116,1,8,0,1,4,3,0,0,0,1982,3.52528856245088,34,0,1,0,0
305039120,1,2,0,1,3,8,0,1,1,1968,1.51748198985068,48,0,0,1,0
305039121,0,0,1,0,4,4,1,1,0,1949,0.313940871768742,67,0,0,0,1
305039124,0,0,0,1,3,NA,1,1,0,1970,0.661946072044031,46,0,0,1,0
305039126,1,18,0,1,3,3,0,0,0,1974,1.82593567607963,42,0,1,0,0
305039130,0,0,0,0,3,6,0,1,0,1969,1.75272111212364,47,0,0,1,0
305039139,0,0,0,0,4,8,1,1,0,1979,1.2477448881936,37,0,1,0,0
305039140,0,0,1,0,3,9,0,0,0,1939,0.324430376075113,77,0,0,0,1
305039142,0,0,0,1,4,1,1,1,0,1961,0.480673776461849,55,0,0,1,0
305039149,1,14,0,1,4,2,0,0,0,1996,1.72002184210945,20,1,0,0,0
305039150,1,1,0,1,3,5,0,1,0,1996,4.58162929479198,20,1,0,0,0
305039152,1,6,0,1,4,1,1,1,0,1945,0.173131155567415,71,0,0,0,1
305039153,0,0,0,0,4,1,0,0,0,1967,0.220441846779659,49,0,0,1,0
305039155,0,0,0,1,4,9,0,0,1,1994,0.95621013536661,22,1,0,0,0
305039166,1,10,1,0,4,10,1,0,0,1936,0.165128215662243,80,0,0,0,1
305039168,1,302,1,0,4,10,0,1,0,1950,0.912980973193812,66,0,0,0,1
305039169,1,1,0,1,4,1,0,0,0,1962,0.238359871579992,54,0,0,1,0
305039171,0,0,1,0,4,7,0,0,0,1957,0.74131818980059,59,0,0,1,0
305039174,1,24,0,1,4,5,0,1,0,1952,0.176500906484396,64,0,0,1,0
305039175,1,2,0,1,4,1,1,0,0,1941,0.206444081809265,75,0,0,0,1
305039176,0,0,0,1,2,6,0,1,1,1965,5.01059910909062,51,0,0,1,0
305039179,0,0,0,1,3,7,0,1,0,1982,0.666917981817887,34,0,1,0,0
305039182,1,1,1,0,2,3,0,1,0,1940,2.3034034401364,76,0,0,0,1
305039187,1,50,1,0,4,10,1,1,0,1952,0.240050695413558,64,0,0,1,0
305039190,1,74,0,1,3,2,1,0,0,1950,0.174482254792965,66,0,0,0,1
305039193,1,12,0,0,3,6,1,0,0,1989,3.20243471387198,27,1,0,0,0
305039195,1,5,0,1,4,4,1,1,0,1994,0.25847446092955,22,1,0,0,0
305039196,0,0,0,1,4,1,0,0,0,1963,1.00111840829217,53,0,0,1,0
305039198,0,0,0,1,4,3,1,1,0,1982,0.267849395047513,34,0,1,0,0
305039199,1,2,1,0,4,9,1,1,0,1958,0.222005567744852,58,0,0,1,0
305039203,1,7,0,1,3,2,0,1,0,1987,0.254901851166035,29,1,0,0,0
305039210,1,4,0,1,3,3,0,1,0,1964,0.657659231091596,52,0,0,1,0
305039212,0,0,0,0,4,4,0,0,0,1993,6.95290916424328,23,1,0,0,0
305039219,1,13,1,0,4,3,0,1,0,1984,1.08184107859543,32,0,1,0,0
305039221,1,1,1,0,3,8,0,1,1,1974,3.19353177239771,42,0,1,0,0
305039227,0,0,1,0,4,4,0,0,0,1947,1.8698666672707,69,0,0,0,1
305039229,0,0,1,0,3,1,1,1,0,1981,1.68940732818431,35,0,1,0,0
305039231,0,0,0,1,4,6,1,0,1,1980,0.440180148270062,36,0,1,0,0
305039233,1,4,0,1,4,2,0,1,0,1983,0.484284141034068,33,0,1,0,0
305039237,0,0,0,0,4,4,0,1,0,1975,0.799014928570283,41,0,1,0,0
305039238,1,2,0,0,3,6,0,1,0,1963,0.657659231091596,53,0,0,1,0
305039239,0,0,1,0,4,9,0,1,0,1974,0.178985746381482,42,0,1,0,0
305039240,0,0,0,1,4,8,1,1,0,1981,0.823995831485405,35,0,1,0,0
305039246,1,180,1,0,4,10,0,0,1,1986,9.17462772514642,30,0,1,0,0
305039247,1,6,0,1,3,4,1,1,0,1993,0.770354225543977,23,1,0,0,0
305039249,1,13,0,1,4,2,0,1,0,1975,0.484284141034068,41,0,1,0,0
305039250,0,0,0,1,4,6,1,0,0,1959,0.262017896303204,57,0,0,1,0
305039251,1,4,0,1,4,2,0,0,0,1960,0.220441846779659,56,0,0,1,0
305039255,1,5,0,1,3,7,0,0,1,1985,9.17462772514642,31,0,1,0,0
305039265,1,3,0,1,4,1,1,1,0,1980,0.243591463745344,36,0,1,0,0
305039268,1,26,1,0,3,8,1,0,0,1991,3.73817140350365,25,1,0,0,0
305039269,0,0,0,1,3,6,0,0,0,1984,2.06353377785428,32,0,1,0,0
305039270,1,1,0,0,2,1,1,1,1,1992,1.12079200546526,24,1,0,0,0
305039272,0,0,0,1,2,6,0,0,0,1955,0.888151641760821,61,0,0,1,0
305039273,0,0,0,0,4,8,1,1,0,1970,0.552510000319788,46,0,0,1,0
305039274,0,0,0,0,4,6,0,0,1,1966,0.965616247621392,50,0,0,1,0
305039276,1,2,0,0,3,6,0,0,0,1974,1.97748364024563,42,0,1,0,0
305039279,0,0,1,0,4,6,1,0,0,1966,0.886326848276275,50,0,0,1,0
305039281,1,2,0,1,3,3,1,1,0,1968,0.401206502467145,48,0,0,1,0
305039282,0,0,0,1,3,8,1,0,0,1984,0.963520680420557,32,0,1,0,0
305039292,1,31,0,1,4,3,1,1,0,1955,0.649508394848436,61,0,0,1,0
305039295,0,0,0,1,4,2,1,1,0,1983,0.30969394699081,33,0,1,0,0
305039297,0,0,1,0,4,4,0,0,1,1965,0.824589950312516,51,0,0,1,0
305039301,0,0,1,0,4,3,1,0,1,1973,0.163232106047367,43,0,1,0,0
305039304,0,0,0,0,4,5,1,0,0,1952,0.316814282937428,64,0,0,1,0
305039306,0,0,0,0,4,4,1,0,0,1941,0.190925235649378,75,0,0,0,1
305039307,0,0,0,1,4,5,0,0,0,1956,0.644933510063292,60,0,0,1,0
305039308,0,0,0,0,4,8,1,0,0,1957,0.708945345716529,59,0,0,1,0
305039311,0,0,0,1,4,8,1,0,0,1965,0.302951427140516,51,0,0,1,0
305039312,0,0,0,1,3,4,1,0,0,1965,1.22057953750305,51,0,0,1,0
305039313,1,14,1,0,4,6,0,0,0,1992,4.61309988003275,24,1,0,0,0
305039314,0,0,0,1,4,2,0,0,0,1966,0.710404941406628,50,0,0,1,0
305039315,0,0,0,1,2,8,0,1,1,1981,0.572161279320816,35,0,1,0,0
305039320,0,0,1,0,3,NA,0,0,0,1967,1.90268940913689,49,0,0,1,0
305039323,0,0,1,0,4,3,1,0,0,1986,1.82880094281204,30,0,1,0,0
305039324,1,276,1,0,4,7,1,0,0,1953,0.316814282937428,63,0,0,1,0
305039328,0,0,0,1,4,5,1,0,1,1986,0.397271205345972,30,0,1,0,0
305039329,1,1,0,1,4,3,1,0,0,1964,0.886326848276275,52,0,0,1,0
305039330,1,2,0,1,3,2,1,0,0,1986,0.19098466004512,30,0,1,0,0
305039331,1,1,0,1,4,2,0,0,0,1955,0.220441846779659,61,0,0,1,0
305039333,0,0,0,1,4,3,0,0,0,1952,0.238359871579992,64,0,0,1,0
305039337,1,32,0,1,4,5,0,0,0,1986,0.40902422237902,30,0,1,0,0
305039339,0,0,0,1,4,6,1,0,0,1961,0.262017896303204,55,0,0,1,0
305039340,0,0,0,1,4,5,0,1,0,1955,0.220662274048938,61,0,0,1,0
305039341,0,0,1,0,4,10,1,0,0,1966,0.302951427140516,50,0,0,1,0
305039343,0,0,1,0,4,5,0,0,0,1948,2.0718294599974,68,0,0,0,1
305039345,0,0,0,1,4,2,1,0,0,1990,0.429967914495965,26,1,0,0,0
305039347,0,0,0,1,1,6,1,0,0,1979,0.516749763098475,37,0,1,0,0
305039348,0,0,0,1,4,6,0,1,0,1997,0.220460578240942,19,1,0,0,0
305039349,0,0,0,1,3,1,1,0,1,1990,0.621521429393708,26,1,0,0,0
305039350,1,4,0,1,4,1,0,1,0,1955,0.204074615762758,61,0,0,1,0
305039352,1,85,0,1,4,1,1,0,0,1963,0.857208665949672,53,0,0,1,0
305039356,1,8,0,1,4,3,0,1,0,1974,0.355539466513927,42,0,1,0,0
305039357,0,0,0,1,4,1,1,0,0,1952,0.316814282937428,64,0,0,1,0
305039360,0,0,0,0,3,9,1,0,0,1961,0.327576022080632,55,0,0,1,0
305039365,1,176,1,0,4,10,0,1,0,1941,1.84242094365974,75,0,0,0,1
305039372,1,30,1,0,3,9,0,1,0,1959,0.686277251581518,57,0,0,1,0
305039373,1,7,0,0,3,7,0,1,1,1964,1.82515921400725,52,0,0,1,0
305039377,1,1,0,0,4,6,1,0,0,1972,0.41912728067447,44,0,1,0,0
305039385,0,0,0,1,4,5,1,0,1,1947,0.143872452054558,69,0,0,0,1
305039387,0,0,0,0,2,8,1,1,0,1993,0.583736664387581,23,1,0,0,0
305039389,1,58,1,0,4,6,1,0,1,1947,1.32607342083144,69,0,0,0,1
305039390,0,0,1,0,4,7,1,0,1,1994,1.67766066612705,22,1,0,0,0
305039391,1,2,1,0,3,7,0,1,0,1965,0.822208703470755,51,0,0,1,0
305039394,0,0,0,1,4,2,0,0,0,1963,0.220441846779659,53,0,0,1,0
305039397,1,5,0,1,4,5,1,1,0,1958,0.240050695413558,58,0,0,1,0
305039399,1,89,0,1,4,1,0,0,0,1957,0.238359871579992,59,0,0,1,0
305039411,0,0,0,0,1,8,1,1,1,1990,3.45622757308357,26,1,0,0,0
305039414,1,2,0,1,2,8,0,1,0,1994,1.31868019217625,22,1,0,0,0
305039415,1,5,0,1,4,2,0,0,0,1985,1.46050929366738,31,0,1,0,0
305039417,0,0,0,1,3,5,1,0,0,1984,1.56170826897284,32,0,1,0,0
305039420,0,0,0,1,4,2,1,1,0,1952,0.222005567744852,64,0,0,1,0
305039423,1,13,1,0,2,7,0,0,0,1944,0.259501791663904,72,0,0,0,1
305039424,1,3,0,1,3,2,0,0,0,1976,6.95290916424328,40,0,1,0,0
305039428,1,22,0,1,4,7,0,0,0,1993,2.6769006299197,23,1,0,0,0
305039430,1,13,1,0,4,9,0,1,0,1949,0.820826297043295,67,0,0,0,1
305039433,0,0,1,0,4,5,0,1,0,1995,0.745751081274788,21,1,0,0,0
305039434,1,41,1,0,2,4,0,0,0,1965,1.17233565661746,51,0,0,1,0
305039443,1,1,0,0,2,6,1,1,0,1989,0.963100522357778,27,1,0,0,0
305039444,1,1,0,1,3,6,1,1,0,1989,0.368769605797911,27,1,0,0,0
305039447,1,132,1,0,4,9,0,1,0,1977,1.87175522414577,39,0,1,0,0
305039450,0,0,0,1,4,6,1,1,0,1964,0.519521612627581,52,0,0,1,0
305039451,1,1,0,1,2,3,0,0,0,1946,1.8698666672707,70,0,0,0,1
305039452,0,0,0,1,4,7,0,1,0,1962,0.498341922626598,54,0,0,1,0
305039456,1,59,1,0,3,9,0,1,0,1977,2.24249519055595,39,0,1,0,0
305039461,1,2,0,1,4,3,0,1,0,1934,1.48099218750231,82,0,0,0,1
305039468,0,0,0,1,4,7,0,1,0,1959,0.760401504791784,57,0,0,1,0
305039471,1,2,0,0,3,2,0,1,0,1996,0.949788637241362,20,1,0,0,0
305039472,0,0,0,1,3,8,0,1,1,1994,9.17462772514642,22,1,0,0,0
305039476,1,4,0,1,3,6,0,1,0,1981,0.464089309515001,35,0,1,0,0
305039477,0,0,0,1,3,4,1,1,1,1964,0.981903588191157,52,0,0,1,0
305039484,0,0,1,0,4,7,0,0,0,1971,0.596452469394491,45,0,0,1,0
305039487,0,0,0,1,4,2,1,1,0,1983,0.254191338530137,33,0,1,0,0
305039489,0,0,0,1,2,8,0,0,0,1995,6.95290916424328,21,1,0,0,0
305039497,1,41,0,1,4,2,1,0,0,1991,2.16919504129958,25,1,0,0,0
305039498,0,0,0,1,4,1,1,0,1,1989,0.436441729891516,27,1,0,0,0
